NOME_INSTITUICAO;SEGMENTO;PREFIXO;NOME_AGENCIA;ENDERECO;COMPLEMENTO ;BAIRRO;CEP;MUNICIPIO ;UF;DATA INICIO;DDD;FONE
BANCO DO BRASIL S.A.;Banco do Brasil - Banco Múltiplo;0011;EMPRESA JOAO PESSOA ;PCA.1817,129;1.ANDAR ;CENTRO;58013-010;JOAO PESSOA ;PB;01/04/1916;83;40033001
BANCO DO BRASIL S.A.;Banco do Brasil - Banco Múltiplo;0022;EMPRESA NATAL ;AV.RIO BRANCO,510 ;2.ANDAR ;CIDADE ALTA ;59025-900;NATAL ;RN;14/04/1917;84;40033001
BANCO DO BRASIL S.A.;Banco do Brasil - Banco Múltiplo;0036;MOSSORO ;PCA.VIGARIO ANTONIO JOAQUIM,22;;CENTRO;59600-520;MOSSORO ;RN;14/12/1918;84;33189100
BANCO DO BRASIL S.A.;Banco do Brasil - Banco Múltiplo;0063;EMPRESA CAMP.GRANDE ;R.SETE DE SETEMBRO,52 ;4.E 5.ANDARES ;CENTRO;58400-105;CAMPINA GRANDE;PB;22/10/1923;83;33102200
BANCO DO BRASIL S.A.;Banco do Brasil - Banco Múltiplo;0099;CAJAZEIRAS;R.CEL.JUVENCIO CARNEIRO,410 ;;CENTRO;58900-000;CAJAZEIRAS;PB;03/06/1938;83;35314370
BANCO DO BRASIL S.A.;Banco do Brasil - Banco Múltiplo;0128;CAICO ;AV.CEL.MARTINIANO,417 ;;CENTRO;59300-000;CAICO ;RN;15/06/1940;84;34211617
BANCO DO BRASIL S.A.;Banco do Brasil - Banco Múltiplo;0151;PATOS ;AV.EPITACIO PESSOA,76 ;TERREO;CENTRO;58700-020;PATOS ;PB;28/07/1941;83;34212702
BANCO DO BRASIL S.A.;Banco do Brasil - Banco Múltiplo;0164;ITABAIANA-PB;PCA.EPITACIO PESSOA,35;;CENTRO;58360-000;ITABAIANA ;PB;20/01/1942;83;32811300
BANCO DO BRASIL S.A.;Banco do Brasil - Banco Múltiplo;0200;GUARABIRA ;R.QUINZE DE NOVEMBRO,73 ;;CENTRO;58200-000;GUARABIRA ;PB;21/08/1942;83;40033001
BANCO DO BRASIL S.A.;Banco do Brasil - Banco Múltiplo;0214;ASSU;AV.SEN.JOAO CAMARA,243;;CENTRO;59650-000;ACU ;RN;21/11/1942;84;40033001
BANCO DO BRASIL S.A.;Banco do Brasil - Banco Múltiplo;0229;MONTEIRO;AV.PARQUE DAS AGUAS,143 ;;CENTRO;58500-000;MONTEIRO;PB;23/02/1943;83;33512328
BANCO DO BRASIL S.A.;Banco do Brasil - Banco Múltiplo;0293;AREIA ;R.DR.CUNHA LIMA,237 ;;CENTRO;58397-000;AREIA ;PB;01/02/1951;83;336222496
BANCO DO BRASIL S.A.;Banco do Brasil - Banco Múltiplo;0361;CURRAIS NOVOS ;AV.CEL.JOSE BEZERRA,110 ;;CENTRO;59380-000;CURRAIS NOVOS ;RN;03/07/1954;84;34057450
BANCO DO BRASIL S.A.;Banco do Brasil - Banco Múltiplo;0477;MACAU ;R.AUGUSTO SEVERO,S/N;;CENTRO;59500-000;MACAU ;RN;19/08/1961;84;35211177
BANCO DO BRASIL S.A.;Banco do Brasil - Banco Múltiplo;0521;POMBAL;R.CEL.CANDIDO DE ASSIS,405;TERREO;CENTRO;58840-000;POMBAL;PB;16/03/1963;83;34312135
BANCO DO BRASIL S.A.;Banco do Brasil - Banco Múltiplo;0527;BANANEIRAS;R.CEL.ANTONIO PESSOA,389;;CENTRO;58220-000;BANANEIRAS;PB;20/05/1963;83;33671035
BANCO DO BRASIL S.A.;Banco do Brasil - Banco Múltiplo;0585;CATOLE DO ROCHA ;PCA.GETULIO VARGAS,18 ;TERREO;CENTRO;58884-000;CATOLE DO ROCHA ;PB;27/11/1964;83;34411417
BANCO DO BRASIL S.A.;Banco do Brasil - Banco Múltiplo;0614;NOVA CRUZ ;R.PRES.GETULIO VARGAS,100 ;;CENTRO;59215-000;NOVA CRUZ ;RN;22/03/1965;84;32812037
BANCO DO BRASIL S.A.;Banco do Brasil - Banco Múltiplo;0625;SAPE;AV.COM.RENATO RIBEIRO COUTINHO,1886 ;;CENTRO;58340-000;SAPE;PB;12/07/1965;83;32832249
BANCO DO BRASIL S.A.;Banco do Brasil - Banco Múltiplo;0634;PIANCO;PCA.SALVIANO LEITE,10 ;;CENTRO;58765-000;PIANCO;PB;11/10/1965;83;34522218
BANCO DO BRASIL S.A.;Banco do Brasil - Banco Múltiplo;0657;CUITE ;R.NAPOLEAO LAUREANO,736 ;;CENTRO;58175-000;CUITE ;PB;21/11/1966;83;33722280
BANCO DO BRASIL S.A.;Banco do Brasil - Banco Múltiplo;0701;SANTA CRUZ;PCA.CEL.EZEQUIEL MERGELINO SOUZA,76 ;PREDIO;CENTRO;59200-000;SANTA CRUZ;RN;22/10/1969;84;32912114
BANCO DO BRASIL S.A.;Banco do Brasil - Banco Múltiplo;0716;ALECRIM ;AV.PRES.BANDEIRA,372;;ALECRIM ;59040-200;NATAL ;RN;01/06/1970;84;40094000
BANCO DO BRASIL S.A.;Banco do Brasil - Banco Múltiplo;0727;JOAO CAMARA ;R.PE.JOAO MARIA,S/N ;;CENTRO;59550-000;JOAO CAMARA ;RN;29/03/1971;84;32622021
BANCO DO BRASIL S.A.;Banco do Brasil - Banco Múltiplo;0759;SOUSA ;AV.PRES.JOAO PESSOA,27;TERREO E 1.ANDAR;CENTRO;58800-010;SOUSA ;PB;08/03/1972;83;35222723
BANCO DO BRASIL S.A.;Banco do Brasil - Banco Múltiplo;1246;RIBEIRA ;AV.DUQUE DE CAXIAS,20 ;;RIBEIRA ;59012-200;NATAL ;RN;10/04/1981;84;40067500
BANCO DO BRASIL S.A.;Banco do Brasil - Banco Múltiplo;1234;VARADOURO ;R.GAMA E MELO,121 ;;VARADOURO ;58010-450;JOAO PESSOA ;PB;01/06/1981;83;32418989
BANCO DO BRASIL S.A.;Banco do Brasil - Banco Múltiplo;0867;PRINCESA ISABEL ;AV.PRES.JOAO PESSOA,380 ;;CENTRO;58755-000;PRINCESA ISABEL ;PB;01/08/1975;83;34572254
BANCO DO BRASIL S.A.;Banco do Brasil - Banco Múltiplo;0944;MAMANGUAPE;PCA.ANTENOR NAVARRO,10;;CENTRO;58280-000;MAMANGUAPE;PB;05/04/1976;83;32922258
BANCO DO BRASIL S.A.;Banco do Brasil - Banco Múltiplo;0984;SAO PAULO DO POTENGI;R.GAL.DANTAS,140;;CENTRO;59460-000;SAO PAULO DO POTENGI;RN;05/04/1976;84;32512226
BANCO DO BRASIL S.A.;Banco do Brasil - Banco Múltiplo;0892;APODI ;R.N.SRA.DA CONCEICAO,97 ;;CENTRO;59700-000;APODI ;RN;05/04/1976;84;33332010
BANCO DO BRASIL S.A.;Banco do Brasil - Banco Múltiplo;0913;CONCEICAO ;AV.SOLON DE LUCENA,185;TERREO;CENTRO;58970-000;CONCEICAO ;PB;17/11/1975;83;34532399
BANCO DO BRASIL S.A.;Banco do Brasil - Banco Múltiplo;0879;UMARIZAL;PCA.HELENA LUCIA F.DE SOUSA,26;;CENTRO;59865-000;UMARIZAL;RN;05/04/1976;84;33972243
BANCO DO BRASIL S.A.;Banco do Brasil - Banco Múltiplo;1127;SANTA LUZIA ;R.CEL.FRANCISCO ANTONIO,95;;CENTRO;58600-000;SANTA LUZIA ;PB;01/06/1978;83;34611234
BANCO DO BRASIL S.A.;Banco do Brasil - Banco Múltiplo;1021;CAMPO GRANDE-RN ;PCA.CEL.POMPEU JACOME,S/N ;;CENTRO;59680-000;CAMPO GRANDE;RN;29/08/1978;84;33623500
BANCO DO BRASIL S.A.;Banco do Brasil - Banco Múltiplo;1042;CEARA-MIRIM ;R.HERACLIO VILAR,697;;CENTRO;59570-000;CEARA-MIRIM ;RN;14/09/1978;84;32742289
BANCO DO BRASIL S.A.;Banco do Brasil - Banco Múltiplo;1066;GOIANINHA ;R.VIGARIO ANTONIO MONTENEGRO,102;;CENTRO;59173-000;GOIANINHA ;RN;01/06/1978;84;32432220
BANCO DO BRASIL S.A.;Banco do Brasil - Banco Múltiplo;1165;UIRAUNA ;R.JOSE VIEIRA BUJARY,165;;CENTRO;58915-000;UIRAUNA ;PB;01/06/1978;83;35342248
BANCO DO BRASIL S.A.;Banco do Brasil - Banco Múltiplo;1109;PAU DOS FERROS;R.DA INDEPENDENCIA,1310 ;;CENTRO;59900-000;PAU DOS FERROS;RN;29/08/1978;84;33512126
BANCO DO BRASIL S.A.;Banco do Brasil - Banco Múltiplo;1140;SAO MIGUEL;R.DR.JOSE TORQUATO,327;TERREO;CENTRO;59920-000;SAO MIGUEL;RN;01/12/1978;84;33532151
BANCO DO BRASIL S.A.;Banco do Brasil - Banco Múltiplo;1088;LAJES ;PCA.CEL.FRANCISCO PEDRO,100 ;;CENTRO;59535-000;LAJES ;RN;01/12/1978;84;35322027
BANCO DO BRASIL S.A.;Banco do Brasil - Banco Múltiplo;1134;SAO BENTO ;AV.SAO SEBASTIAO,735;;CENTRO;58865-000;SAO BENTO ;PB;04/12/1978;83;34442716
BANCO DO BRASIL S.A.;Banco do Brasil - Banco Múltiplo;1106;PARELHAS;PCA.FELIX GOMES,251 ;;CENTRO;59360-000;PARELHAS;RN;17/05/1979;84;34712560
BANCO DO BRASIL S.A.;Banco do Brasil - Banco Múltiplo;1013;ALEXANDRIA;R.DOM JOSE TOMAZ,347;;CENTRO;59965-000;ALEXANDRIA;RN;02/08/1979;84;33812226
BANCO DO BRASIL S.A.;Banco do Brasil - Banco Múltiplo;1156;TEIXEIRA;R.CONEGO SERRAO,14;;CENTRO;58735-000;TEIXEIRA;PB;17/09/1979;83;34722173
BANCO DO BRASIL S.A.;Banco do Brasil - Banco Múltiplo;2318;MONTE ALEGRE;R.JOAO DE PAIVA,S/N ;;CENTRO;59182-000;MONTE ALEGRE;RN;10/09/1986;84;32762277
BANCO DO BRASIL S.A.;Banco do Brasil - Banco Múltiplo;2508;QUEIMADAS-PB;R.SEBASTIAO LUCENA,44 ;;CENTRO;58475-000;QUEIMADAS ;PB;21/07/1987;83;33921249
BANCO DO BRASIL S.A.;Banco do Brasil - Banco Múltiplo;1149;SOLEDADE;R.PREF.INACIO CLAUDINO,78 ;TERREO;CENTRO;58155-000;SOLEDADE;PB;03/03/1980;83;33831286
BANCO DO BRASIL S.A.;Banco do Brasil - Banco Múltiplo;1038;CARAUBAS;PCA.UBALDO FERNANDES NETO,22;SEDE AGENCIA;CENTRO;59780-000;CARAUBAS;RN;28/04/1980;84;40033001
BANCO DO BRASIL S.A.;Banco do Brasil - Banco Múltiplo;1085;JUCURUTU;R.BENJAMIN CONSTANT,258 ;ZONA URBANA ;CENTRO;59330-000;JUCURUTU;RN;28/04/1980;84;34292209
BANCO DO BRASIL S.A.;Banco do Brasil - Banco Múltiplo;1144;SERRA BRANCA;AV.DEP.ALVARO GAUDENCIO,46;;CENTRO;58580-000;SERRA BRANCA;PB;14/04/1980;83;40033001
BANCO DO BRASIL S.A.;Banco do Brasil - Banco Múltiplo;1731;CANGUARETAMA;R.ANDRE DE ALBUQUERQUE,56 ;;CENTRO;59190-000;CANGUARETAMA;RN;11/12/1986;84;32412241
BANCO DO BRASIL S.A.;Banco do Brasil - Banco Múltiplo;2256;MACAIBA ;R.DR.PEDRO VELHO,114;;CENTRO;59280-000;MACAIBA ;RN;30/11/1991;84;32711430
BANCO DO BRASIL S.A.;Banco do Brasil - Banco Múltiplo;1366;SANTO ANTONIO ;R.PRES.CASTELO BRANCO,180 ;;CENTRO;59255-000;SANTO ANTONIO ;RN;20/11/1986;84;32822248
BANCO DO BRASIL S.A.;Banco do Brasil - Banco Múltiplo;2642;SAO JOSE DE MIPIBU;PCA.CELSO SALES,126 ;;CENTRO;59162-000;SAO JOSE DE MIPIBU;RN;10/09/1986;84;32732306
BANCO DO BRASIL S.A.;Banco do Brasil - Banco Múltiplo;1262;ALHANDRA;R.JOAO PESSOA,547 ;;CENTRO;58320-000;ALHANDRA;PB;11/09/1986;83;32561034
BANCO DO BRASIL S.A.;Banco do Brasil - Banco Múltiplo;2731;TOUROS;AV.PREF.JOSE AMERICO,46 ;;CENTRO;59584-000;TOUROS;RN;24/10/1986;84;40033001
BANCO DO BRASIL S.A.;Banco do Brasil - Banco Múltiplo;1449;SAO JOAO RIO PEIXE;R.JACOB FRANTZ,213;;CENTRO;58910-000;SAO JOAO DO RIO DO PEIXE;PB;05/12/1986;83;35352278
BANCO DO BRASIL S.A.;Banco do Brasil - Banco Múltiplo;2047;ESPERANCA ;R.MANOEL RODRIGUES,226;R.DA MATRIZ ;CENTRO;58135-000;ESPERANCA ;PB;06/07/1987;83;40033001
BANCO DO BRASIL S.A.;Banco do Brasil - Banco Múltiplo;2441;PICUI ;R.JOSE LEAL,127 ;CONJUNTO JK ;CENTRO;58187-000;PICUI ;PB;18/02/1987;83;33712282
BANCO DO BRASIL S.A.;Banco do Brasil - Banco Múltiplo;2644;SAO JOSE DE PIRANHAS;R.INACIO LIRA,385 ;TERREO;CENTRO;58940-000;SAO JOSE DE PIRANHAS;PB;05/12/1986;83;35521448
BANCO DO BRASIL S.A.;Banco do Brasil - Banco Múltiplo;2714;TAVARES ;R.MANOEL LIMA,225 ;;CENTRO;58753-000;TAVARES ;PB;22/03/2004;83;34501008
BANCO DO BRASIL S.A.;Banco do Brasil - Banco Múltiplo;1469;AREIA BRANCA-RN ;R.FLORIANO PEIXOTO,106;;CENTRO;59655-000;AREIA BRANCA;RN;20/05/1988;84;33322116
BANCO DO BRASIL S.A.;Banco do Brasil - Banco Múltiplo;2469;POCINHOS;R.EMERENCIANA,58;TERREO;CENTRO;58150-000;POCINHOS;PB;22/03/2004;83;33841246
BANCO DO BRASIL S.A.;Banco do Brasil - Banco Múltiplo;3814;ALAGOA NOVA ;R.MONS.BORGES CARVALHO,16 ;;CENTRO;58125-000;ALAGOA NOVA ;PB;22/03/2004;83;33651050
BANCO DO BRASIL S.A.;Banco do Brasil - Banco Múltiplo;3525;TIROL ;AV.AFONSO PENA,826;;TIROL ;59020-100;NATAL ;RN;13/05/1991;84;40033001
BANCO DO BRASIL S.A.;Banco do Brasil - Banco Múltiplo;1365;PATU;R.DR.JOSE AUGUSTO,83;;CENTRO;59770-000;PATU;RN;11/04/1983;84;33612261
BANCO DO BRASIL S.A.;Banco do Brasil - Banco Múltiplo;1268;SANTA RITA;AV.GOV.FLAVIO RIB.COUTINHO,108;;CENTRO;58300-220;SANTA RITA;PB;27/09/1982;83;32294553
BANCO DO BRASIL S.A.;Banco do Brasil - Banco Múltiplo;3698;JAGUARARI-RN;AV.PRES.BANDEIRA,965;;LAGOA SECA;59031-200;NATAL ;RN;06/05/1991;84;32133148
BANCO DO BRASIL S.A.;Banco do Brasil - Banco Múltiplo;3204;EMPRESA MANAIRA ;RUA MANOEL ARRUDA CAVALCANTI, 805 ;SALAS S0120 E S0121 ;MANAIRA ;58038-680;JOAO PESSOA ;PB;15/03/1991;83;40033001
BANCO DO BRASIL S.A.;Banco do Brasil - Banco Múltiplo;3277;PARQUE SOLON LUCENA ;R.DES.SOUTO MAIOR,162 ;;CENTRO;58013-190;JOAO PESSOA ;PB;15/03/1991;83;32182150
BANCO DO BRASIL S.A.;Banco do Brasil - Banco Múltiplo;3331;BORBOREMA ;R.SETE DE SETEMBRO,52 ;1.E 3.ANDARES ;CENTRO;58400-105;CAMPINA GRANDE;PB;15/03/1991;83;33102200
BANCO DO BRASIL S.A.;Banco do Brasil - Banco Múltiplo;3396;TAMBAU;AV.JOAO MAURICIO,33 ;;MANAIRA ;58038-000;JOAO PESSOA ;PB;15/03/1991;83;32475700
BANCO DO BRASIL S.A.;Banco do Brasil - Banco Múltiplo;3293;PRUDENTE DE MORAIS;AV.PRUDENTE DE MORAIS,3044;;LAGOA SECA;59022-305;NATAL ;RN;08/03/1991;84;40033001
BANCO DO BRASIL S.A.;Banco do Brasil - Banco Múltiplo;2547;RIO TINTO ;TV.DA MANGUEIRA,40;;CENTRO;58297-000;RIO TINTO ;PB;22/03/2004;83;32912345
BANCO DO BRASIL S.A.;Banco do Brasil - Banco Múltiplo;2696;SOLANEA ;R.ALFREDO BANDEIRA DA COSTA,107 ;;CENTRO;58225-000;SOLANEA ;PB;09/10/1986;83;33632496
BANCO DO BRASIL S.A.;Banco do Brasil - Banco Múltiplo;2035;PARNAMIRIM;R.TEN.AURELIO,49;;CENTRO;59140-260;PARNAMIRIM;RN;25/08/1986;84;32722239
BANCO DO BRASIL S.A.;Banco do Brasil - Banco Múltiplo;1445;ANGICOS ;R.JOSE RUFINO,22;;CENTRO;59515-000;ANGICOS ;RN;12/03/1987;84;35312172
BANCO DO BRASIL S.A.;Banco do Brasil - Banco Múltiplo;1681;CABEDELO;R.PR.JOSE ALVES DE OLIVEIRA,139 ;;CENTRO;58310-000;CABEDELO;PB;25/08/1986;83;32284141
BANCO DO BRASIL S.A.;Banco do Brasil - Banco Múltiplo;2849;BAYEUX;AV.LIBERDADE,3622 ;TERREO;CENTRO;58306-000;BAYEUX;PB;11/09/1986;83;32321919
BANCO DO BRASIL S.A.;Banco do Brasil - Banco Múltiplo;2460;PIRPIRITUBA ;R.PROF.FELIX CANTALICE,36 ;;CENTRO;58213-000;PIRPIRITUBA ;PB;22/01/1987;83;32771021
BANCO DO BRASIL S.A.;Banco do Brasil - Banco Múltiplo;2828;BARAUNA ;R.HERMENEGILDO MONTENEGRO,10;;CENTRO;59695-000;BARAUNA ;RN;22/03/2004;84;33202244
BANCO DO BRASIL S.A.;Banco do Brasil - Banco Múltiplo;2176;ITAPORANGA;AV.GETULIO VARGAS,62;;CENTRO;58780-000;ITAPORANGA;PB;13/09/1988;83;34512282
BANCO DO BRASIL S.A.;Banco do Brasil - Banco Múltiplo;3526;ALBERTO MARANHAO;AV.ALBERTO MARANHAO,1582;;CENTRO;59600-972;MOSSORO ;RN;15/04/1991;84;33161169
BANCO DO BRASIL S.A.;Banco do Brasil - Banco Múltiplo;2210;JARDIM DO SERIDO;TV.MURILO AZEVEDO,15;;CENTRO;59343-000;JARDIM DO SERIDO;RN;05/12/1986;84;34722320
BANCO DO BRASIL S.A.;Banco do Brasil - Banco Múltiplo;2425;PEDRAS DE FOGO;PCA.DA RESTAURACAO,52 ;;CENTRO;58328-000;PEDRAS DE FOGO;PB;06/08/1987;81;36352037
BANCO DO BRASIL S.A.;Banco do Brasil - Banco Múltiplo;2623;IGAPO ;AV.BEL.TOMAZ LANDIM,100 ;;IGAPO ;59104-000;NATAL ;RN;02/01/1989;84;36749200
BANCO DO BRASIL S.A.;Banco do Brasil - Banco Múltiplo;1634;PARQUE DA CRIANCA ;RUA ELPIDIO DE ALMEIDA, 125 ;;CATOLE;58410-298;CAMPINA GRANDE;PB;17/08/1990;83;33411100
BANCO DO BRASIL S.A.;Banco do Brasil - Banco Múltiplo;1636;EPITACIO PESSOA ;AV.EPITACIO PESSOA,1580 ;;EXPEDICIONARIOS ;58030-000;JOAO PESSOA ;PB;20/07/1990;83;32446969
BANCO DO BRASIL S.A.;Banco do Brasil - Banco Múltiplo;1845;PONTA NEGRA ;R.DR.ERNANI HUGO GOMES,2700 ;;CAPIM MACIO ;59082-270;NATAL ;RN;17/08/1990;84;40089700
BANCO DO BRASIL S.A.;Banco do Brasil - Banco Múltiplo;1635;CRUZ DAS ARMAS;AV.CRUZ DAS ARMAS,949 ;;CRUZ DAS ARMAS;58085-000;JOAO PESSOA ;PB;23/07/1990;83;32411220
BANCO DO BRASIL S.A.;Banco do Brasil - Banco Múltiplo;3501;MANGABEIRA;R.JOSEFA TAVEIRA, 274 ;;MANGABEIRA;58055-000;JOAO PESSOA ;PB;25/03/1991;83;40033001
BANCO DO BRASIL S.A.;Banco do Brasil - Banco Múltiplo;3502;TORRE ;AV.MIN.JOSE AMERICO DE ALMEIDA,862;;TORRE ;58040-300;JOAO PESSOA ;PB;25/03/1991;83;32249090
BANCO DO BRASIL S.A.;Banco do Brasil - Banco Múltiplo;3777;AV.CAP.MOR.GOUVEIA;AV.CAP.MOR GOUVEIA,2966 ;;LAGOA NOVA;59063-400;NATAL ;RN;08/04/1991;84;32345014
BANCO DO BRASIL S.A.;Banco do Brasil - Banco Múltiplo;1533;CANDELARIA-RN ;AV.DAO SILVEIRA,3860, BR 101 KM 4 ;SALA 2;CANDELARIA;59066-180;NATAL ;RN;07/08/1992;84;32358210
BANCO DO BRASIL S.A.;Banco do Brasil - Banco Múltiplo;3900;COHABINAL ;AV.JOAO VINTE E TRES,S/N;LOTEAMENTO MIRIAM RAPOSO,QD.5 ;SANTOS REIS ;59141-030;PARNAMIRIM;RN;16/12/2011;84;32726043
BANCO DO BRASIL S.A.;Banco do Brasil - Banco Múltiplo;1619;CID.UNIVERSITARIA-PB;CAMPUS I UFPB ;CENTRO DE VIVENCIA;CASTELO BRANCO;58051-970;JOAO PESSOA ;PB;20/07/1998;83;30229300
BANCO DO BRASIL S.A.;Banco do Brasil - Banco Múltiplo;1617;PRACA 1817;PCA.1817,129, SEGUNDO ANDAR ;SEGUNDO ANDAR ;CENTRO;58013-010;JOAO PESSOA ;PB;20/07/1998;83;32161000
BANCO DO BRASIL S.A.;Banco do Brasil - Banco Múltiplo;1618;S.PUBLICO J.PESSOA;AV.JULIA FREIRE,1200;4.ANDAR ;EXPEDICIONARIOS ;58041-000;JOAO PESSOA ;PB;20/07/1998;83;35333350
BANCO DO BRASIL S.A.;Banco do Brasil - Banco Múltiplo;1591;UNIV.FED.CAMPINA GDE;R.APRIGIO VELOSO,882;;UNIVERSITARIO ;58429-140;CAMPINA GRANDE;PB;09/09/1998;83;33443600
BANCO DO BRASIL S.A.;Banco do Brasil - Banco Múltiplo;1668;UFRN;CTO.DE CONVIVENCIA DJALMA MARINHO ;CAMPUS DA UFRN;LAGOA NOVA;59078-900;NATAL ;RN;13/10/1998;84;32119250
BANCO DO BRASIL S.A.;Banco do Brasil - Banco Múltiplo;1588;CTO.ADM.NATAL ;AV.SEN.SALGADO FILHO,S/N - SIN;SECRETARIA DE INFRA-ESTRUTURA ;LAGOA NOVA;59064-901;NATAL ;RN;13/10/1998;84;32092850
BANCO DO BRASIL S.A.;Banco do Brasil - Banco Múltiplo;2874;POTIGUAR;AV.RIO BRANCO,510 ;TERREO;CENTRO;59025-900;NATAL ;RN;12/12/2000;84;32164500
BANCO DO BRASIL S.A.;Banco do Brasil - Banco Múltiplo;2870;EMPRESA ALECRIM ;AV.PRES.BANDEIRA,372;2.ANDAR ;ALECRIM ;59040-200;NATAL ;RN;07/11/2000;84;40033001
BANCO DO BRASIL S.A.;Banco do Brasil - Banco Múltiplo;2878;NORDESTAO ;AV.DR.JOAO MEDEIROS FILHO,1835;CONJ.STA.CATARINA ;POTENGI ;59110-200;NATAL ;RN;13/02/2001;84;36749500
BANCO DO BRASIL S.A.;Banco do Brasil - Banco Múltiplo;3165;BAIRRO BESSA;AV.PRES.AFONSO PENA,692 ;;BESSA ;58035-030;JOAO PESSOA ;PB;13/02/2001;83;32454347
BANCO DO BRASIL S.A.;Banco do Brasil - Banco Múltiplo;3795;S.PUBLICO NATAL ;AV.MIGUEL CASTRO,1095 ;ED.PRO-NATAL,7.ANDAR;LAGOA NOVA;59062-000;NATAL ;RN;06/08/2002;84;32341142
BANCO DO BRASIL S.A.;Banco do Brasil - Banco Múltiplo;3853;CAMARA CASCUDO;AV.SEN.SALGADO FILHO,S/N;CTO.ADMINISTRATIVO SETHAS ;LAGOA NOVA;59064-901;NATAL ;RN;10/09/2002;84;32064659
BANCO DO BRASIL S.A.;Banco do Brasil - Banco Múltiplo;4020;MANAIRA SHOPPING;RUA MANOEL ARRUDA CAVALCANTI;SALAS S0120 E S0121 ;MANAIRA ;58038-680;JOAO PESSOA ;PB;30/10/2019;83;40030001
BANCO DO BRASIL S.A.;Banco do Brasil - Banco Múltiplo;4154;GUAMARE ;R.LUIZ DE SOUZA MIRANDA,108 ;;CENTRO;59598-000;GUAMARE ;RN;12/04/2007;84;35252411
BANCO DO BRASIL S.A.;Banco do Brasil - Banco Múltiplo;7717;ESCR.ESTILO NATAL ;AV.PRESIDENTE BANDEIRA, 372 ;2.ANDAR-SALA ESCRITORIO ESTILO;ALECRIM ;59040-200;NATAL ;RN;16/01/2018;84;3216450
BANCO DO BRASIL S.A.;Banco do Brasil - Banco Múltiplo;4391;SANTA LUZIA ;AV.PRES.DUTRA,870-A ;;IA STA LUZIA;59625-000;MOSSORO ;RN;05/02/2004;84;33173086
BANCO DO BRASIL S.A.;Banco do Brasil - Banco Múltiplo;4362;CORP BANK PARAIBA ;AV.JULIA FREIRE,1200;SALA 1006,10.ANDAR;EXPEDICIONARIOS ;58041-000;JOAO PESSOA ;PB;06/08/2004;83;35155777
BANCO DO BRASIL S.A.;Banco do Brasil - Banco Múltiplo;4361;CORP BANK RN;R.RAIMUNDO CHAVES,2182;7.ANDAR-ED.EMPRESARIAL CANDELARIA ;CANDELARIA;59064-390;NATAL ;RN;06/08/2004;84;36735850
BANCO DO BRASIL S.A.;Banco do Brasil - Banco Múltiplo;9153;ESCR.EXC.RIBEIRA;AV.DE DUQUE CAXIAS, 20;3.ANDAR - SALA EXCLUSIVO;RIBEIRA ;59012-200;NATAL ;RN;13/03/2018;84;40033001
BANCO DO BRASIL S.A.;Banco do Brasil - Banco Múltiplo;4453;ESCR.EXC.J.PESSOA ;AV PRESIDENTE EPITACIO PESSOA, 2737 ;2 ANDAR, ESQ.C/JOAO TEIXEIRA CARVALHO ;ESTADOS ;58031-003;JOAO PESSOA ;PB;14/01/2005;83;40033001
BANCO DO BRASIL S.A.;Banco do Brasil - Banco Múltiplo;4486;SAO GONCALO AMARANTE;PCA.SEN.DINARTE MARIZ,S/N ;;CENTRO;59290-000;SAO GONCALO DO AMARANTE ;RN;03/02/2005;84;32782207
BANCO DO BRASIL S.A.;Banco do Brasil - Banco Múltiplo;7711;ESCR.EST.J.PESSOA 1 ;AV.EPITACIO PESSOA 2737 ;2.ANDAR, ESQ.C/JOAO TEIXEIRA CARVALHO ;ESTADOS ;58030-002;JOAO PESSOA ;PB;15/09/2017;83;40033001
BANCO DO BRASIL S.A.;Banco do Brasil - Banco Múltiplo;4636;ESCR.EXC.JAMPA;R JULIA FREIRE, 1071;FRONTAL AO HAPVIDA;TORRE ;58040-040;JOAO PESSOA ;PB;03/02/2005;83;40033001
BANCO DO BRASIL S.A.;Banco do Brasil - Banco Múltiplo;4687;EMPRESA MOSSORO ;PC.VIGARIO ANTONIO JOAQUIM,22 ;2.ANDAR ;CENTRO;59600-520;MOSSORO ;RN;03/02/2005;84;40033001
BANCO DO BRASIL S.A.;Banco do Brasil - Banco Múltiplo;4847;ESTILO NATAL;AV.CAMPOS SALES,463 ;;PETROPOLIS;59020-300;NATAL ;RN;22/02/2008;84;32125800
BANCO DO BRASIL S.A.;Banco do Brasil - Banco Múltiplo;1885;ESTILO JOAO PESSOA;AV.EPITACIO PESSOA 2737 ;2.ANDAR, ESQ.C/JOAO TEIXEIRA CARVALHO ;ESTADOS ;58030-002;JOAO PESSOA ;PB;25/01/2008;83;40033001
BANCO DO BRASIL S.A.;Banco do Brasil - Banco Múltiplo;4996;BANCARIOS ;AV. WALFREDO MACEDO BRANDAO, 1139 ;;JD C UNIVERSITARIA;58052-200;JOAO PESSOA ;PB;17/12/2010;83;40033001
BANCO DO BRASIL S.A.;Banco do Brasil - Banco Múltiplo;5892;JARDIM PAULISTANO-PB;AV.ASSIS CHATEAUBRIAND,S/N;;ESTACAO VELHA ;58410-062;CAMPINA GRANDE;PB;29/09/2011;83;33312369
BANCO DO BRASIL S.A.;Banco do Brasil - Banco Múltiplo;5871;ALTO DO RODRIGUES ;PCA.N.SRA.DO ROSARIO,S/N;;CENTRO;59507-970;ALTO DO RODRIGUES ;RN;28/10/2011;84;35232461
BANCO DO BRASIL S.A.;Banco do Brasil - Banco Múltiplo;5769;ESTILO POTIGUAR ;R.JUNDIAI,328 ;;TIROL ;59020-120;NATAL ;RN;17/08/2012;84;40033001
BANCO DO BRASIL S.A.;Banco do Brasil - Banco Múltiplo;5026;ESTILO C.GRANDE ;R.NILO PECANHA,568;;PRATA ;58400-515;CAMPINA GRANDE;PB;13/09/2013;83;40033001
BANCO DO BRASIL S.A.;Banco do Brasil - Banco Múltiplo;8082;AV.AMINTAS BARROS ;AV.PRUDENTE DE MORAIS,3280;;LGA NOVA;59056-200;NATAL ;RN;26/04/2013;84;32031250
BANCO DO BRASIL S.A.;Banco do Brasil - Banco Múltiplo;8101;SAO JOSE-PB ;R.INDEPENDENCIA,77;;S JOSE;58400-468;CAMPINA GRANDE;PB;22/11/2013;83;33443150
BANCO DO BRASIL S.A.;Banco do Brasil - Banco Múltiplo;8637;ESTILO PONTA NEGRA;R.DR. HERNANI HUGO GOMES,16 ;SALA 200;C MACIO ;59082-270;NATAL ;RN;14/02/2014;84;40033001
BANCO DO BRASIL S.A.;Banco do Brasil - Banco Múltiplo;8636;ESTILO MOSSORO;AV.PRESIDENTE DUTRA,185 ;;IA STA LUZIA;59625-000;MOSSORO ;RN;16/01/2015;84;40033001
BANCO DO BRASIL S.A.;Banco do Brasil - Banco Múltiplo;8632;ESTILO BESSA;R.FERNANDO LUIZ HENRIQUE DOS SANTOS,1155;;JD OCEANIA;58037-051;JOAO PESSOA ;PB;23/05/2014;83;40033001
BANCO DO BRASIL S.A.;Banco do Brasil - Banco Múltiplo;8631;ESTILO AV.E.PESSOA;AV.PRESIDENTE EPITACIO PESSOA,987 ;;ESTADOS ;58030-001;JOAO PESSOA ;PB;28/09/2016;83;40033001
BANCO DO BRASIL S.A.;Banco do Brasil - Banco Múltiplo;8241;ESCR.EXC.ALECRIM;AV PRESIDENTE BANDEIRA, 372 ;4.PAVIMENTO ;ALECRIM ;59040-200;NATAL ;RN;06/01/2017;84;40033001
BANCO DO BRASIL S.A.;Banco do Brasil - Banco Múltiplo;9131;ESCR.EXC.C.GRANDE-PB;R.SETE DE SETEMBRO,52 ;SALA ESCR.EXCLUSIVO ;CENTRO;58400-105;CAMPINA GRANDE;PB;15/09/2017;83;40033001
BANCO DO BRASIL S.A.;Banco do Brasil - Banco Múltiplo;9152;ESCR.EXC.MOSSORO;PC.VIGARIO ANTONIO JOAQUIM,22 ;2.ANDAR - SALA EXCLUSIVO;CENTRO;59600-520;MOSSORO ;RN;13/03/2018;84;32164650
CAIXA ECONOMICA FEDERAL ;Caixa Econômica Federal ;0033;RIBEIRA ;AV. CÂMARA CASCUDO, Nº 344;360305;RIBEIRA ;59025-280;NATAL ;RN;01/03/1947;84;32155450
CAIXA ECONOMICA FEDERAL ;Caixa Econômica Federal ;0034;ALECRIM ;AV. PRESIDENTE BANDEIRA, 656;360305;ALECRIM ;59037-200;NATAL ;RN;24/08/1960;84;32164200
CAIXA ECONOMICA FEDERAL ;Caixa Econômica Federal ;0035;POTIGUAR;RUA JOAO PESSOA, 208;360305;CIDADE ALTA ;59025-000;NATAL ;RN;01/04/1959;84;32155166
CAIXA ECONOMICA FEDERAL ;Caixa Econômica Federal ;0036;CABO BRANCO ;RUA MIGUEL COUTO, 221 ;360305;CENTRO;58010-770;JOAO PESSOA ;PB;27/11/1946;83;36123600
CAIXA ECONOMICA FEDERAL ;Caixa Econômica Federal ;0037;TRINCHEIRAS ;RUA DAS TRINCHEIRAS, 91 ;360305;CENTRO;58011-000;JOAO PESSOA ;PB;01/10/1948;83;32142550
CAIXA ECONOMICA FEDERAL ;Caixa Econômica Federal ;0038;BANANEIRAS;RUA CORONEL ANTONIO PESSOA, 370 ;360305;CENTRO;58220-000;BANANEIRAS;PB;29/10/1948;83;33671100
CAIXA ECONOMICA FEDERAL ;Caixa Econômica Federal ;0039;CABEDELO;RUA DUQUE DE CAXIAS, 25 ;360305;CENTRO;58310-000;CABEDELO;PB;16/06/1949;83;32283151
CAIXA ECONOMICA FEDERAL ;Caixa Econômica Federal ;0040;CAJAZEIRAS;RUA CORONEL JUVENCIO CARNEIRO, 290;360305;CENTRO;58900-000;CAJAZEIRAS;PB;14/04/1970;83;35314380
CAIXA ECONOMICA FEDERAL ;Caixa Econômica Federal ;0041;CAMPINA GRANDE;RUA EPITACIO PESSOA, 42 ;360305;CENTRO;58400-025;CAMPINA GRANDE;PB;09/09/1948;83;21022600
CAIXA ECONOMICA FEDERAL ;Caixa Econômica Federal ;0042;GUARABIRA ;AV. PADRE INACIO DE ALMEIDA, 95 ;360305;CENTRO;58200-000;GUARABIRA ;PB;06/04/1970;83;32713535
CAIXA ECONOMICA FEDERAL ;Caixa Econômica Federal ;0043;PATOS ;AV. PEDRO FIRMINO,;GUEDES SHOPPING 1º PISO ;CENTRO;58700-070;PATOS ;PB;22/07/1967;83;4213147
CAIXA ECONOMICA FEDERAL ;Caixa Econômica Federal ;0044;MAMANGUAPE;RUA PRES. JOAO PESSOA, 37 ;360305;CENTRO;58280-970;MAMANGUAPE;PB;04/03/1953;83;2922296
CAIXA ECONOMICA FEDERAL ;Caixa Econômica Federal ;0539;PARQUE DAS COLINAS/RN ;RUA ELETRICISTA ELIAS FERREIRA N. 8 ;LOJA 01, NAVEL MALL ;CANDELARIA;59066-050;NATAL ;RN;27/10/1989;84;32169100
CAIXA ECONOMICA FEDERAL ;Caixa Econômica Federal ;0558;SOUSA ;RUA CORONEL JOSÉ GOMES DE SÁ, S/N ;;CENTRO;58800-050;SOUSA ;PB;08/11/1973;83;5211456
CAIXA ECONOMICA FEDERAL ;Caixa Econômica Federal ;0560;MOSSORO ;RUA CORONEL GURGEL, 406 ;;CENTRO;59600-000;MOSSORO ;RN;29/09/1973;84;3217448
CAIXA ECONOMICA FEDERAL ;Caixa Econômica Federal ;0617;MINISTRO JOSE AMERICO ;AV. MINISTRO JOSE AMERICO DE ALMEIDA, ;596;TORRE ;58040-300;JOAO PESSOA ;PB;20/02/1990;83;2441546
CAIXA ECONOMICA FEDERAL ;Caixa Econômica Federal ;0729;MANAIRA SHOPPING;AV. FLÁVIO RIBEIRO COUTINHO, 805;SHOPPING;CENTRO;58037-000;JOAO PESSOA ;PB;10/11/1989;83;2463400
CAIXA ECONOMICA FEDERAL ;Caixa Econômica Federal ;0732;POMBAL;R. CORONEL JOAO QUEIROGA, 219 ;;CENTRO;58840-000;POMBAL;PB;01/12/1978;83;4312372
CAIXA ECONOMICA FEDERAL ;Caixa Econômica Federal ;0733;ITABAIANA DO NORTE;RUA MARIETA MEDEIROS,30 ;;CENTRO;58360-000;ITABAIANA ;PB;01/12/1978;83;2811395
CAIXA ECONOMICA FEDERAL ;Caixa Econômica Federal ;0735;PRAIA DE TAMBAU ;AV. SENADOR RUY CARNEIRO, 241 ;;TAMBAU;58032-101;JOAO PESSOA ;PB;12/01/1990;83;2266228
CAIXA ECONOMICA FEDERAL ;Caixa Econômica Federal ;0737;BORBOREMA ;RUA JOAO PESSOA, 43 ;;CENTRO;58100-000;CAMPINA GRANDE;PB;08/01/1990;83;3211459
CAIXA ECONOMICA FEDERAL ;Caixa Econômica Federal ;0756;ASSU/RN ;RUA DR FERNANDO BUSTAMANT, 289;;CENTRO;59650-000;ACU ;RN;01/12/1978;84;3312114
CAIXA ECONOMICA FEDERAL ;Caixa Econômica Federal ;0758;CAICO ;AV. CARLINDO DE SOUZA DANTAS, 503 ;;CENTRO;59300-000;CAICO ;RN;01/12/1978;84;4212166
CAIXA ECONOMICA FEDERAL ;Caixa Econômica Federal ;0759;TIROL ;AVENIDA RODRIGUES ALVES, NUM 617;;TIROL ;59020-200;NATAL ;RN;20/02/1990;84;2215429
CAIXA ECONOMICA FEDERAL ;Caixa Econômica Federal ;0760;JOAO CAMARA ;R. VEREADOR JOSÉ SEVERIANO CÂMARA, 105;;CENTRO;59550-000;JOAO CAMARA ;RN;24/10/1978;84;2622036
CAIXA ECONOMICA FEDERAL ;Caixa Econômica Federal ;0761;MACAU ;RUA MARTINS FERREIRA, NUM 182 ;;CENTRO;59500-000;MACAU ;RN;07/12/1978;84;5211260
CAIXA ECONOMICA FEDERAL ;Caixa Econômica Federal ;0762;NOVA CRUZ ;RUA FELIPE PEGADO CORTES, 80;;CENTRO;59100-000;NOVA CRUZ ;RN;24/10/1978;84;2812134
CAIXA ECONOMICA FEDERAL ;Caixa Econômica Federal ;0763;PAU DOS FERROS;PCA DA MATRIZ, S/N;;CENTRO;59900-000;PAU DOS FERROS;RN;01/12/1978;84;3512324
CAIXA ECONOMICA FEDERAL ;Caixa Econômica Federal ;0805;CURRAIS NOVOS ;R. JOAO PESSOA, 137 ;;CENTRO;59380-000;CURRAIS NOVOS ;RN;07/12/1978;84;4311495
CAIXA ECONOMICA FEDERAL ;Caixa Econômica Federal ;0806;SANTA CRUZ DO INHARE;R. MANOEL CICERO DE LIMA, 35;;CENTRO;59200-000;SANTA CRUZ;RN;07/12/1978;84;2912113
CAIXA ECONOMICA FEDERAL ;Caixa Econômica Federal ;0904;EPITACIO PESSOA ;AV. EPITACIO PESSOA, 1521 ;;DOS ESTADOS ;58000-000;JOAO PESSOA ;PB;30/12/1980;83;2251985
CAIXA ECONOMICA FEDERAL ;Caixa Econômica Federal ;0922;SAPE;RUA ORCINE FERNANDES, 265 ;;CENTRO;58340-000;SAPE;PB;03/01/1981;83;2832697
CAIXA ECONOMICA FEDERAL ;Caixa Econômica Federal ;1010;AGIFPB;AV. PRIMEIRO DE MAIO, 720 ;;JAGUARIBE ;58015-430;JOAO PESSOA ;PB;10/07/2002;832;4157480
CAIXA ECONOMICA FEDERAL ;Caixa Econômica Federal ;1033;CRUZ DAS ARMAS;AV. CRUZ DAS ARMAS, 516 ;;CRUZ DAS ARMAS;58085-000;JOAO PESSOA ;PB;15/06/1981;83;2222428
CAIXA ECONOMICA FEDERAL ;Caixa Econômica Federal ;1069;CEARA-MIRIM ;RUA GENERAL JOAO VARELA, 781;;CENTRO;59570-000;CEARA-MIRIM ;RN;30/06/1981;84;2742049
CAIXA ECONOMICA FEDERAL ;Caixa Econômica Federal ;1100;AREIA ;RUA PROFESSOR XAVIER JUNIOR, 265;;CENTRO;58397-000;AREIA ;PB;29/06/1981;83;3622284
CAIXA ECONOMICA FEDERAL ;Caixa Econômica Federal ;1101;GOIANINHA ;RUA LUIZ BELARMINO DA COSTA,;;CENTRO;59173-000;GOIANINHA ;RN;19/06/1981;84;2432216
CAIXA ECONOMICA FEDERAL ;Caixa Econômica Federal ;1456;UFPB;ROD. BR 230 ALTURA DO KM 20 ;CAMPUS UNIVERSITÁRIO;JARDIM CIDADE UNIVERSITÁRIA ;58051-900;JOAO PESSOA ;PB;20/08/2010;83;32182100
CAIXA ECONOMICA FEDERAL ;Caixa Econômica Federal ;1585;CAMARA CASCUDO;AVENIDA ENGENHEIRO ROBERTO FREIRE ;LOJAS 03 A 07 ;CAPIM MACIO ;59078-600;NATAL ;RN;01/06/1989;84;36465200
CAIXA ECONOMICA FEDERAL ;Caixa Econômica Federal ;1668;ESPERANCA ;RUA SOLON DE LUCENA, 90 ;;CENTRO;58135-000;ESPERANCA ;PB;01/06/1989;83;3612415
CAIXA ECONOMICA FEDERAL ;Caixa Econômica Federal ;1909;CIDADE ANTIGA ;RUA GAMA E MELO, NUM 60 ;;VARADOURO ;58010-450;JOAO PESSOA ;PB;03/11/1982;83;2221431
CAIXA ECONOMICA FEDERAL ;Caixa Econômica Federal ;1911;BAYEUX;AV. LIBERDADE, 3401 ;;CENTRO;58305-000;BAYEUX;PB;01/06/1989;83;2220728
CAIXA ECONOMICA FEDERAL ;Caixa Econômica Federal ;1914;SANTA RITA;AV. FLAVIO RIBEIRO COUTINHO, 326;;LOTEAMENTO NICE ;58300-220;SANTA RITA;PB;01/06/1989;83;2291466
CAIXA ECONOMICA FEDERAL ;Caixa Econômica Federal ;2008;PARNAMIRIM;AV. BRIGADEIRO EVERALDO BREVES, 316 ;;CENTRO;59140-200;PARNAMIRIM;RN;18/05/1987;84;2722427
CAIXA ECONOMICA FEDERAL ;Caixa Econômica Federal ;2010;POTENGI ;AVENIDA DOUTOR JOAO MEDEIROS FILHO;;POTENGI ;59108-550;NATAL ;RN;11/04/1990;84;2235708
CAIXA ECONOMICA FEDERAL ;Caixa Econômica Federal ;2044;LAGOA NOVA;AV. PRUDENTE DE MORAIS, 4064;;LAGOA NOVA;59054-700;NATAL ;RN;12/11/1982;84;2213210
CAIXA ECONOMICA FEDERAL ;Caixa Econômica Federal ;2221;FIEP/PB ;AV. MANOEL GUIMARÃES, 195 ;;JOSÉ PINHEIRO ;58407-363;CAMPINA GRANDE;PB;18/11/2005;83;32165201
CAIXA ECONOMICA FEDERAL ;Caixa Econômica Federal ;2758;MACAÍBA ;AV. JUNDIAÍ ;;TAVARES DE LIRA ;59280-000;MACAIBA ;RN;20/10/2009;84;32712121
CAIXA ECONOMICA FEDERAL ;Caixa Econômica Federal ;3064;TERRA DO SAL/RN ;RUA BEZERRA MENDES, 75;;CENTRO;59600-090;MOSSORO ;RN;28/03/2005;84;2164900
CAIXA ECONOMICA FEDERAL ;Caixa Econômica Federal ;3242;MIDWAY SHOPPING/RN;AV. BERNARDO VIEIRA, Nº 3775;LJ 236 A, BL L2 ;TIROL ;59015-900;NATAL ;RN;28/06/2006;84;32164900
CAIXA ECONOMICA FEDERAL ;Caixa Econômica Federal ;3315;CARIRI/PB ;AV. OLIMPIO GOMES, 267;;CENTRO;58500-000;MONTEIRO;PB;31/08/2007;83;32164300
CAIXA ECONOMICA FEDERAL ;Caixa Econômica Federal ;3470;SÃO GONCALO DO AMARANTE/RN;AV TOMAZ LANDIM S/N ;;CENTRO;59290-000;SAO GONCALO DO AMARANTE ;RN;17/12/2010;84;32164900
CAIXA ECONOMICA FEDERAL ;Caixa Econômica Federal ;3483;APODI/RN;RUA SÃO JOAO BATISTA,S/N;;CENTRO;59700-000;APODI ;RN;07/12/2010;84;32164900
CAIXA ECONOMICA FEDERAL ;Caixa Econômica Federal ;3485;SANTA LUZIA DO SABUGI PB;AV JOSÉ AMÉRICO,;;CENTRO;58600-000;SANTA LUZIA ;PB;26/12/2012;83;32164300
CAIXA ECONOMICA FEDERAL ;Caixa Econômica Federal ;3487;BAIRRO DE MANGABEIRA PB ;AV JOSEFA TAVEIRA ;;MANGABEIRA;58055-000;JOAO PESSOA ;PB;21/10/2011;83;32064269
CAIXA ECONOMICA FEDERAL ;Caixa Econômica Federal ;3488;MAG SHOPPING/PB ;AV GOV. FLAVIO RIBEIRO COUTINHO, 115;LOJAS 124, 128, 129, 130 E CINEMA 05;MANAIRA ;58037-000;JOAO PESSOA ;PB;16/09/2011;83;32164300
CAIXA ECONOMICA FEDERAL ;Caixa Econômica Federal ;3518;CATOLÉ DO ROCHA/PB;RUA DEPUTADO AMÉRICO MAIA, 10 ;;CENTRO;58884-000;CATOLE DO ROCHA ;PB;10/12/2010;83;32164300
CAIXA ECONOMICA FEDERAL ;Caixa Econômica Federal ;3568;AREIA BRANCA/RN ;AV. FORTALEZA ;;NORDESTE;59655-000;AREIA BRANCA;RN;22/12/2010;84;32164900
CAIXA ECONOMICA FEDERAL ;Caixa Econômica Federal ;3571;ITAPORANGA/PB ;RUA DR. MANOEL MEDEIROS MAIA, S/N ;;CENTRO;58780-000;ITAPORANGA;PB;22/12/2010;83;32164300
CAIXA ECONOMICA FEDERAL ;Caixa Econômica Federal ;4823;PARAHYBA;R PROF JOSUE DA SILVEIRA;;ERNESTO GEISEL;58075-020;JOAO PESSOA ;PB;29/10/2012;83;32164300
CAIXA ECONOMICA FEDERAL ;Caixa Econômica Federal ;4845;SÃO JOSÉ DE MIPIBU;RUAPREF INACIO HENRIQUE ;;CENTRO;59162-000;SAO JOSE DE MIPIBU;RN;30/11/2012;84;32039100
CAIXA ECONOMICA FEDERAL ;Caixa Econômica Federal ;4882;AV AIRTON SENNA, RN ;AV AYRTON SENNA, 3340 ;;NEOPOLIS;59088-100;NATAL ;RN;28/12/2012;84;33447450
CAIXA ECONOMICA FEDERAL ;Caixa Econômica Federal ;4883;AV PRUDENTE DE MORAIS/RN;AV PRUDENTE DE MORAIS,;;LAGOA SECA;59022-305;NATAL ;RN;26/12/2012;84;32039100
CAIXA ECONOMICA FEDERAL ;Caixa Econômica Federal ;4884;GUAMARÉ ;RUA7 DE SETEMBRO, S/N ;;CENTRO;59598-000;GUAMARE ;RN;30/11/2012;84;32039100
CAIXA ECONOMICA FEDERAL ;Caixa Econômica Federal ;4885;EDUCADORA NOILDE RAMALHO, RN;AV CAPITAO-MOR GOUVEIA, 3282;;LAGOA NOVA;59063-400;NATAL ;RN;30/09/2013;84;32343282
CAIXA ECONOMICA FEDERAL ;Caixa Econômica Federal ;4886;TOUROS RN ;AV. 27 DE MARÇO,;;CENTRO;59584-000;TOUROS;RN;27/11/2012;84;32039100
CAIXA ECONOMICA FEDERAL ;Caixa Econômica Federal ;4887;SAO MIGUEL, RN;R CEL JOAO PESSOA, S/N;;CENTRO;59920-000;SAO MIGUEL;RN;31/07/2013;84;32039100
CAIXA ECONOMICA FEDERAL ;Caixa Econômica Federal ;4888;NOVA PARNAMIRIM ;AV MARIA LACERDA MONTENEGRO, S/N;;NOVA PARNAMIRIM ;59152-600;PARNAMIRIM;RN;31/01/2013;84;32039100
CAIXA ECONOMICA FEDERAL ;Caixa Econômica Federal ;4912;ALTO DO RODRIGUES ;AV ANGELO VARELA, S/N ;;CENTRO;59507-000;ALTO DO RODRIGUES ;RN;30/11/2012;84;32039100
CAIXA ECONOMICA FEDERAL ;Caixa Econômica Federal ;4913;PEDRAS DO FOGO, PB;R FERNANDO CABRAL, 196;;CENTRO;58328-000;PEDRAS DE FOGO;PB;30/07/2013;83;32164300
CAIXA ECONOMICA FEDERAL ;Caixa Econômica Federal ;4914;BESSA, PB ;R FRANCISCO LEOCADIO RIBEIRO COUTINHO, S;;AEROCLUBE ;58036-450;JOAO PESSOA ;PB;25/01/2013;83;32164300
CAIXA ECONOMICA FEDERAL ;Caixa Econômica Federal ;4915;BANCÁRIOS ;R BANCARIO SERGIO GUERRA, 17;;BANCARIOS ;58051-255;JOAO PESSOA ;PB;25/01/2013;83;32164300
CAIXA ECONOMICA FEDERAL ;Caixa Econômica Federal ;4916;PICUI, PB ;R SAO SEBASTIAO, S/N;;CENTRO;58187-000;PICUI ;PB;07/12/2012;83;32164300
CAIXA ECONOMICA FEDERAL ;Caixa Econômica Federal ;4917;SAO BENTO DA PARAIBA, PB;R JOAQUIM FERREIRA LUCIO, ;;CENTRO;58865-000;SAO BENTO ;PB;20/12/2012;83;32164300
CAIXA ECONOMICA FEDERAL ;Caixa Econômica Federal ;4982;PORTAL DO SERTAO, PB;R PRES.EPITACIO PESSOA, ;;CENTRO;58700-020;PATOS ;PB;26/12/2012;83;32164300
CAIXA ECONOMICA FEDERAL ;Caixa Econômica Federal ;0220;BAIRRO DE JAGUARIBE/PB;RUA PREFEITO OSVALDO PESSOA,;;JAGUARIBE ;58000-000;JOAO PESSOA ;PB;26/12/2012;83;32164300
CAIXA ECONOMICA FEDERAL ;Caixa Econômica Federal ;1953;REIS MAGOS/RN ;AV FRONTEIRAS S/N ;;POTENGI ;59108-355;NATAL ;RN;19/11/2013;84;32039100
CAIXA ECONOMICA FEDERAL ;Caixa Econômica Federal ;2380;TERRA DA LIBERDADE RN ;AV PRES.DUTRA ;;ALTO DE SAO MANOEL;59628-000;MOSSORO ;RN;25/08/2014;84;32039100
CAIXA ECONOMICA FEDERAL ;Caixa Econômica Federal ;1859;EXTREMOZ, RN;R JOAQUIM GOES, S/N ;;CENTRO;59575-000;EXTREMOZ;RN;09/09/2013;84;32039100
CAIXA ECONOMICA FEDERAL ;Caixa Econômica Federal ;3348;TIBIRI;RUA DEPUTADO SOARES MADRUGA, LOTE 1-A - ;LOTEAMENTO JARDIM EUROPA II ;MUNICIPIOS;58303-355;SANTA RITA;PB;28/12/2015;83;32164300
BANCO INTER S.A.;Banco Múltiplo;0077;AGÊNCIA ;AV PRUDENTE DE MORAIS ;LOJA 08 ;LAGOA SECA;59022-305;NATAL ;RN;01/06/2014;31;21017000
BV FINANCEIRA S.A. - CREDITO, FINANCIAMENTO E INVESTIMENTO;Sociedade de Crédito, Financiamento e Investimento;0000;NATAL ;RUA JOÃO PESSOA ;SALA Nº 05, ED. DUCAL CENTER PALACE ;CIDADE ALTA ;59025-500;NATAL ;RN;19/09/2013;84;40096922
BV FINANCEIRA S.A. - CREDITO, FINANCIAMENTO E INVESTIMENTO;Sociedade de Crédito, Financiamento e Investimento;0000;FILIAL DE JOÃO PESSOA ;AVENIDA SENADOR RUY CARNEIRO;"1º ANDAR, ""SALA BV"" ";BRISAMAR;58032-100;JOAO PESSOA ;PB;15/09/2015;11;51711000
BV FINANCEIRA S.A. - CREDITO, FINANCIAMENTO E INVESTIMENTO;Sociedade de Crédito, Financiamento e Investimento;0000;AUTOSHOPPING CAMPINA GRANDE ;AV. PREFEITO SEVERINO CABRAL;SALA 20 ;JOSE PINHEIRO ;58407-475;CAMPINA GRANDE;PB;11/09/2019;83;981666999
BV FINANCEIRA S.A. - CREDITO, FINANCIAMENTO E INVESTIMENTO;Sociedade de Crédito, Financiamento e Investimento;0000;AUTOSHOPPING CABEDELO ;RODOVIA BR-230;EDIF. SHOPPING DO AUTOMOVEL, SALA 04;PARQUE VERDE;52102-800;CABEDELO;PB;11/09/2019;83;981666999
BANCO DO NORDESTE DO BRASIL S.A.;Banco Múltiplo;0002;ALAGOA GRANDE ;PRACA CEL ELISIO SOBREIRA, S/N;;CENTRO;58388-000;ALAGOA GRANDE ;PB;17/05/1964;83;32732284
BANCO DO NORDESTE DO BRASIL S.A.;Banco Múltiplo;0004;ANGICOS ;RUA VEREADOR JOAQUIM BERNARDO ;;CENTRO;59515-000;ANGICOS ;RN;02/01/1959;84;35312146
BANCO DO NORDESTE DO BRASIL S.A.;Banco Múltiplo;0009;CAMPINA GRANDE;RUA 7 DE SETEMBRO ;ED. CRIST. LAUNIZEN ;CENTRO;58400-105;CAMPINA GRANDE;PB;07/02/1955;83;33411588
BANCO DO NORDESTE DO BRASIL S.A.;Banco Múltiplo;0012;CATOLE DO ROCHA ;AV. DEPUTADO AMERICO MAIA ;;CENTRO;58884-000;CATOLE DO ROCHA ;PB;07/11/1959;83;34411012
BANCO DO NORDESTE DO BRASIL S.A.;Banco Múltiplo;0020;GUARABIRA ;RUA DOM PEDRO II;;CENTRO;58200-000;GUARABIRA ;PB;16/11/1960;83;32713616
BANCO DO NORDESTE DO BRASIL S.A.;Banco Múltiplo;0023;ITAPORANGA;AV. IRINEU RODRIGUES DA SILVA ;;CENTRO;58780-000;ITAPORANGA;PB;02/01/1958;83;34512421
BANCO DO NORDESTE DO BRASIL S.A.;Banco Múltiplo;0026;JARDIM DO SERIDO;RUA DR. OTAVIO LAMARTINE;ED. J. MEDEIROS ;CENTRO;59343-000;JARDIM DO SERIDO;RN;18/05/1964;84;34722261
BANCO DO NORDESTE DO BRASIL S.A.;Banco Múltiplo;0028;JOAO PESSOA CENTRO;RUA GAMA E MELO ;;VARADOURO ;58010-450;JOAO PESSOA ;PB;30/08/1954;83;32182900
BANCO DO NORDESTE DO BRASIL S.A.;Banco Múltiplo;0033;MOSSORO ;PRACA GETULIO VARGAS;;CENTRO;59600-115;MOSSORO ;RN;10/02/1958;84;33163023
BANCO DO NORDESTE DO BRASIL S.A.;Banco Múltiplo;0035;NATAL TIROL ;AV PRUDENTE DE MORAIS ;;CIDADE ALTA ;59020-505;NATAL ;RN;31/08/1954;84;32201700
BANCO DO NORDESTE DO BRASIL S.A.;Banco Múltiplo;0039;PAU DOS FERROS;PRACA DA MATRIZ ;ED. MANOEL REGINALDO;CENTRO;59900-000;PAU DOS FERROS;RN;01/10/1957;84;33512111
BANCO DO NORDESTE DO BRASIL S.A.;Banco Múltiplo;0047;SANTA CRUZ;RUA MANOEL CICERO DE LIMA, 95 ;;CENTRO;59200-000;SANTA CRUZ;RN;12/11/1960;84;32912118
BANCO DO NORDESTE DO BRASIL S.A.;Banco Múltiplo;0053;SOUSA ;RUA CEL JOSE GOMES DE SA, 5 ;;CENTRO;58800-050;SOUSA ;PB;02/01/1959;83;35222730
BANCO DO NORDESTE DO BRASIL S.A.;Banco Múltiplo;0061;SANTO ANTONIO ;AV. LINDOLFO GOMES VIDAL, 360 ;;CENTRO;59255-000;SANTO ANTONIO ;RN;16/09/1968;84;32822232
BANCO DO NORDESTE DO BRASIL S.A.;Banco Múltiplo;0067;PATOS ;AV. SOLON LUCENA;;CENTRO;58700-004;PATOS ;PB;30/01/1969;83;34213305
BANCO DO NORDESTE DO BRASIL S.A.;Banco Múltiplo;0087;MACAU ;RUA MARTINS FERREIRA;ED. DJALMA A. MARINHO ;CENTRO;59500-000;MACAU ;RN;03/07/1978;84;35211228
BANCO DO NORDESTE DO BRASIL S.A.;Banco Múltiplo;0091;CAJAZEIRAS;RUA PADRE ROLIM ;;CENTRO;58900-000;CAJAZEIRAS;PB;09/10/1978;83;35314393
BANCO DO NORDESTE DO BRASIL S.A.;Banco Múltiplo;0097;SOLANEA ;PRACA 26 DE NOVEMBRO, 25;ED. SAMUEL DUARTE ;CENTRO;58225-000;SOLANEA ;PB;27/11/1978;83;33632304
BANCO DO NORDESTE DO BRASIL S.A.;Banco Múltiplo;0100;CURRAIS NOVOS ;AV. DR SILVIO BEZERRA DE MELO ;;CENTRO;59380-000;CURRAIS NOVOS ;RN;26/01/1979;84;34121800
BANCO DO NORDESTE DO BRASIL S.A.;Banco Múltiplo;0101;CAICO ;AV. CEL. MARTINIANO ;;CENTRO;59300-000;CAICO ;RN;09/02/1979;84;34212370
BANCO DO NORDESTE DO BRASIL S.A.;Banco Múltiplo;0112;APODI ;MARECHAL FLORIANO PEIXOTO ;;CENTRO;59700-000;APODI ;RN;12/11/1979;84;3332020
BANCO DO NORDESTE DO BRASIL S.A.;Banco Múltiplo;0115;ACU ;PRAÇA PEDRO VELHO ;;CENTRO;59650-000;ACU ;RN;12/11/1979;84;33313379
BANCO DO NORDESTE DO BRASIL S.A.;Banco Múltiplo;0141;SUME;RUA AUGUSTO SANTA CRUZ, 144 ;;CENTRO;58540-000;SUME;PB;03/05/1982;83;33532286
BANCO DO NORDESTE DO BRASIL S.A.;Banco Múltiplo;0164;POMBAL;RUA PE. AMANCIO LEITE, 35 ;;CENTRO;58840-000;POMBAL;PB;30/03/1983;83;34312403
BANCO DO NORDESTE DO BRASIL S.A.;Banco Múltiplo;0172;SAPE;AV. COMENDADOR RENATO RIBEIRO COUTINHO;1055;CENTRO;58340-000;SAPE;PB;11/02/1985;83;32832433
BANCO DO NORDESTE DO BRASIL S.A.;Banco Múltiplo;0183;NATAL-PRUDENTE DE MORAIS;AV. PRUDENTE DE MORAIS;;LAGOA NOVA;59056-200;NATAL ;RN;19/02/1990;84;32134074
BANCO DO NORDESTE DO BRASIL S.A.;Banco Múltiplo;0185;JOAO PESSOA-EPITÁCIO PESSOA ;AV. PRESIDENTE EPITACIO PESSOA;;BAIRRO DA TORRE ;58040-000;JOAO PESSOA ;PB;02/12/1991;83;32443558
BANCO DO NORDESTE DO BRASIL S.A.;Banco Múltiplo;2150;PARNAMIRIM - RN ;AV. TENENTE MEDEIROS;;CENTRO;59140-020;PARNAMIRIM;RN;28/05/2010;84;36447800
BANCO DO NORDESTE DO BRASIL S.A.;Banco Múltiplo;0225;JOÃO PESSOA CIDADE UNIVERSITÁRIA;RUA WALFREDO MACEDO BRANDAO ;;JARDIM CIDADE UNIVERSITARIA ;58052-200;JOAO PESSOA ;PB;26/02/2013;83;32359674
BANCO DO NORDESTE DO BRASIL S.A.;Banco Múltiplo;0226;SANTA RITA;R JOAO RIBEIRO COUTINHO ;;CENTRO;58300-230;SANTA RITA;PB;08/02/2013;83;32292118
BANCO DO NORDESTE DO BRASIL S.A.;Banco Múltiplo;0236;CEARA- MIRIM;R HERACLITO VILLAR, SN;;CENTRO;59570-000;CEARA-MIRIM ;RN;26/03/2013;84;32740737
BANCO DO NORDESTE DO BRASIL S.A.;Banco Múltiplo;0248;NATAL ROBERTO FREIRE;AVENGENHEIRO ROBERTO FREIRE ;;CAPIM MACIO ;59082-095;NATAL ;RN;28/12/2012;84;36424104
BANCO DO NORDESTE DO BRASIL S.A.;Banco Múltiplo;0258;MACAIBA ;RUA NOSSA SENHORA APARECIDA II;TAVARES DE LIRA ;CENTRO;59280-000;MACAIBA ;RN;30/12/2013;84;32715333
BANCO DO NORDESTE DO BRASIL S.A.;Banco Múltiplo;0266;SÃO GONÇALO DO AMARANTE ;R BENEDITO SANTANA;;GANCHO DO IGAPO ;59290-000;SAO GONCALO DO AMARANTE ;RN;28/02/2014;84;32785600
BANCO DO NORDESTE DO BRASIL S.A.;Banco Múltiplo;0269;UMARIZAL;RUA PORCINO COSTA ;;CENTRO;59865-000;UMARIZAL;RN;30/12/2013;84;99650014
BANCO DO NORDESTE DO BRASIL S.A.;Banco Múltiplo;0293;BAYEUX;AV. LIBERDADE ;;CENTRO;58306-000;BAYEUX;PB;29/01/2014;83;32323115
BANCO DO NORDESTE DO BRASIL S.A.;Banco Múltiplo;0301;JOAO CAMARA ;RUA MARIA DE FATIMA RAFAEL DE FREITAS ;;CENTRO;59550-000;JOAO CAMARA ;RN;03/04/2014;84;32622271
BANCO DO NORDESTE DO BRASIL S.A.;Banco Múltiplo;0327;CABEDELO;R JOÃO VITALIANO;;PONTA DE MATOS;58100-683;CABEDELO;PB;07/11/2014;83;32169400
BANCO DO NORDESTE DO BRASIL S.A.;Banco Múltiplo;0328;PICUÍ ;R SAO SEBASTIAO ;;CENTRO;58187-000;PICUI ;PB;27/08/2014;83;33712621
BANCO DO NORDESTE DO BRASIL S.A.;Banco Múltiplo;0329;GOIANINHA ;RUA VIGÁRIO ANTONIO MONTENEGRO;;CENTRO;59173-000;GOIANINHA ;RN;16/02/2016;84;32433236
BANCO DO NORDESTE DO BRASIL S.A.;Banco Múltiplo;0350;MONTEIRO;AVOLIMPIO GOMES, SN ;;CENTRO;58500-000;MONTEIRO;PB;09/06/2016;83;33532286
BANCO MERCANTIL DO BRASIL S.A.;Banco Múltiplo;0404;NATAL ;AVENIDA PRUDENTE DE MORAES;;LAGOA SECA;59022-310;NATAL ;RN;11/12/2017;84;30928960
BANCO SAFRA S.A.;Banco Múltiplo;0161;NATAL ;AVENIDA PRUDENTE DE MORAIS, 2936;;LAGOA SECA;59020-510;NATAL ;RN;08/08/2005;84;4005370651
BANCO SAFRA S.A.;Banco Múltiplo;0212;JOAO PESSOA ;AVENIDA PRESIDENTE EPITÁCIO PESSOA;;PEDRO GONDIM;58031-003;JOAO PESSOA ;PB;07/12/2016;83;30344051
ITAÚ UNIBANCO S.A.;Banco Múltiplo;0374;CAMPINA GRANDE-PB ;RUA SETE DE SETEMBRO, 26;;CENTRO;58100-030;CAMPINA GRANDE;PB;25/06/1968;11;30034828
ITAÚ UNIBANCO S.A.;Banco Múltiplo;0372;JOAO PESSOA-PB;RUA DUQUE DE CAXIAS, 524;;CENTRO;58010-821;JOAO PESSOA ;PB;08/04/1970;11;30034828
ITAÚ UNIBANCO S.A.;Banco Múltiplo;0382;NATAL-RN;AV. RIO BRANCO, 521 ;;CENTRO;59025-001;NATAL ;RN;19/09/1964;11;30034828
ITAÚ UNIBANCO S.A.;Banco Múltiplo;1339;NATAL/BAIRRO ALECRIN;AV. PRESIDENTE BANDEIRA, 670;;ALECRIM ;59031-200;NATAL ;RN;17/10/1985;11;30034828
ITAÚ UNIBANCO S.A.;Banco Múltiplo;1468;MOSSORO-RN;AV. AUGUSTO SEVERO, 57;;CENTRO;59600-150;MOSSORO ;RN;23/12/1985;11;30034828
ITAÚ UNIBANCO S.A.;Banco Múltiplo;1449;JOAO PESSOA/EPITACIO;AV. EPITACIO PESSOA,;;DOS ESTADOS ;58030-001;JOAO PESSOA ;PB;29/09/1988;11;30034828
ITAÚ UNIBANCO S.A.;Banco Múltiplo;1650;NATAL/PRUDENTE DE MORAES;AV. PRUDENTE DE MORAES, 1469;;PETROPOLIS;59020-400;NATAL ;RN;20/01/1992;11;30034828
ITAÚ UNIBANCO S.A.;Banco Múltiplo;2746;PARNAMIRIM- RN;AV. BRIGADEIRO EVERALDO BREVES, 260 ;;CENTRO;59140-200;PARNAMIRIM;RN;05/04/1999;11;30034828
ITAÚ UNIBANCO S.A.;Banco Múltiplo;5579;JOÃO PESSOA-MANAÍRA ;AV. GOV. FLÁVIO RIBEIRO COUTINHO, 106 ;;MANAÍRA ;58037-000;JOAO PESSOA ;PB;19/10/2004;11;30034828
ITAÚ UNIBANCO S.A.;Banco Múltiplo;6530;NATAL/PONTA NEGRA ;AV. ENGº ROBERTO FREIRE ;;CAPIM MACIO ;59078-600;NATAL ;RN;30/12/2005;11;30034828
ITAÚ UNIBANCO S.A.;Banco Múltiplo;6998;SÃO GONÇALO DO AMARANTE/IGAPÓ ;AV. BEL TOMAZ LANDIN, 506 ;;LOTEAMENTO JD. LOLA ;59290-000;SAO GONCALO DO AMARANTE ;RN;12/06/2007;11;30034828
ITAÚ UNIBANCO S.A.;Banco Múltiplo;7024;PERSONNALITÉ NATAL;AV. AFONSO PENA, 611;PARTE ;TIROL ;59020-100;NATAL ;RN;28/05/2007;11;30034828
ITAÚ UNIBANCO S.A.;Banco Múltiplo;7730;BAYEUX (PB) ;AV. LIBERDADE, 3.350;;SESI;58306-000;BAYEUX;PB;15/04/2009;11;30034828
ITAÚ UNIBANCO S.A.;Banco Múltiplo;8210;JOÃO PESSOA PARQUE SOLON;PARQUE SOLON DE LUCENA, Nº 43 ;ANEXO - PARTE ;CENTRO;58013-131;JOAO PESSOA ;PB;09/11/2009;11;30034828
ITAÚ UNIBANCO S.A.;Banco Múltiplo;8757;JOÃO PESSOA/GEOVANI MELO;RUA GEOVANI MARINHO DE MELO, 323;ANEXO - PARTE ;MANGABEIRA;58056-350;JOAO PESSOA ;PB;07/12/2009;11;30034828
ITAÚ UNIBANCO S.A.;Banco Múltiplo;9179;JOAO PESSOA PRESIDENTE;AV PRESIDENTE EPITACIO PESSOA, 3007 ;ANEXO PARTE ;ESTADOS ;58030-002;JOAO PESSOA ;PB;09/11/2009;11;30034828
ITAÚ UNIBANCO S.A.;Banco Múltiplo;8497;CAMPINA GRANDE JOÃO PESSOA;RUA PRESIDENTE JOÃO PESSOA, Nº 59 ;PARTE ;CENTRO;58400-002;CAMPINA GRANDE;PB;09/11/2009;11;30034828
ITAÚ UNIBANCO S.A.;Banco Múltiplo;8512;MOSSORO CENTRO;AVENIDA ALBERTO MARANHÃO, Nº 1855 ;PARTE ;CENTRO;59600-195;MOSSORO ;RN;09/11/2009;11;30034828
ITAÚ UNIBANCO S.A.;Banco Múltiplo;8380;NATAL CORONEL ESTEVAM ;AVENIDA CORONAL ESTAVAM ;;ALECRIM ;59037-000;NATAL ;RN;09/11/2009;11;30034828
ITAÚ UNIBANCO S.A.;Banco Múltiplo;7123;NATAL POTIGUAR;RUA JOAO PESSOA, 204;PARTE ;CIDADE ALTA ;59025-500;NATAL ;RN;16/11/2009;11;30034828
ITAÚ UNIBANCO S.A.;Banco Múltiplo;9314;NATAL/PRUDENTE DE MORAIS;AV. PRUDENTE DE MORAIS, 3488;PARTE ;LAGOA NOVA;59054-700;NATAL ;RN;16/11/2009;11;30034828
ITAÚ UNIBANCO S.A.;Banco Múltiplo;7833;PATOS-PB;RUA PRESIDENTE EPITÁCIO PESSOA, 247 ;;CENTRO;58700-020;PATOS ;PB;30/12/2010;11;30034828
ITAÚ UNIBANCO S.A.;Banco Múltiplo;4986;CABEDELO (PB) ;AV. MAR VERMELHO, 161 ;;INTERMARES;58310-000;CABEDELO;PB;17/02/2011;11;30034828
ITAÚ UNIBANCO S.A.;Banco Múltiplo;6781;CAJAZEIRAS (PB) ;RUA CEL. JUVENCIO CARNEIRO, 356 ;;CENTRO;58900-000;CAJAZEIRAS;PB;21/12/2011;11;30034828
ITAÚ UNIBANCO S.A.;Banco Múltiplo;6685;SOUSA-PB;RUA CEL JOSE GOMES DE SA;;CENTRO;58800-050;SOUSA ;PB;30/04/2012;11;30034828
ITAÚ UNIBANCO S.A.;Banco Múltiplo;9056;PERSONNALITÉ JOÃO PESSOA;RUA EUTIQUIANO BARRETO;ESQ COM A V. GAL EDSON RAMALHO;MANAIRA ;58038-310;JOAO PESSOA ;PB;24/04/2013;11;30034828
BANCO BRADESCO S.A. ;Banco Múltiplo;0321;NATAL, CENTRO, RN ;AV. RIO BRANCO, 477 ;;CENTRO;59025-001;NATAL ;RN;07/12/1967;84;32204900
BANCO BRADESCO S.A. ;Banco Múltiplo;0435;JOAO PESSOA, CENTRO, PB ;RUA DUQUE DE CAXIAS, 401;;CENTRO;58010-821;JOAO PESSOA ;PB;09/11/1968;83;32412008
BANCO BRADESCO S.A. ;Banco Múltiplo;0493;CAMPINA GRANDE, CENTRO, PB;RUA MARQUES DO HERVAL, 129;;CENTRO;58100-020;CAMPINA GRANDE;PB;01/11/1968;83;33413600
BANCO BRADESCO S.A. ;Banco Múltiplo;3224;ALECRIM,URB.NATAL, RN ;RUA PRESIDENTE BANDEIRA, 510;;ALECRIM ;59031-200;NATAL ;RN;06/12/1973;84;32136545
BANCO BRADESCO S.A. ;Banco Múltiplo;3226;MOSSORO, CENTRO, RN ;RUA CEL VICENTE SABOIA, 74;;CENTRO;59600-970;MOSSORO ;RN;06/12/1973;84;33163232
BANCO BRADESCO S.A. ;Banco Múltiplo;0793;BELEM, PB ;R FELICIANO PEDROSA ;;CENTRO;58255-000;BELEM ;PB;21/06/1978;83;32611224
BANCO BRADESCO S.A. ;Banco Múltiplo;0906;SANTA CRUZ;RUA COSME FERREIRA MARQUES, 108 ;;CENTRO;59200-000;SANTA CRUZ;RN;18/12/1978;0;0
BANCO BRADESCO S.A. ;Banco Múltiplo;0995;SAO GONCALO DO AMARANTE ;RUA BACHAREL TOMAZ LANDIM, 514;;JARDIM LOLA ;59290-000;SAO GONCALO DO AMARANTE ;RN;01/06/1979;0;0
BANCO BRADESCO S.A. ;Banco Múltiplo;1038;CAICO ;AV. SERIDO, 533 ;;CENTRO;59300-000;CAICO ;RN;17/08/1979;0;11049
BANCO BRADESCO S.A. ;Banco Múltiplo;1044;ASSU;AV. SENADOR JOAO CAMARA, 194;;CENTRO;59650-000;ACU ;RN;14/12/1979;0;0
BANCO BRADESCO S.A. ;Banco Múltiplo;1042;SAO BENTO, PB ;RUA DR. FRANCISCO FEITOSA, 211;;CENTRO;58865-000;SAO BENTO ;PB;12/10/1979;83;34441786
BANCO BRADESCO S.A. ;Banco Múltiplo;1053;CAJAZEIRAS, PB;RUA PADRE ROLIM ;;CENTRO;58900-000;CAJAZEIRAS;PB;05/10/1979;83;35314324
BANCO BRADESCO S.A. ;Banco Múltiplo;1563;PATOS - PB;RUA PEDRO FIRMINO ;131 E 139 ;CENTRO;58700-330;PATOS ;PB;14/05/1985;0;0
BANCO BRADESCO S.A. ;Banco Múltiplo;1594;SOUSA ;R CONEGO JOSE VIANA ;;ESTACAO ;58807-320;SOUSA ;PB;15/05/1985;0;0
BANCO BRADESCO S.A. ;Banco Múltiplo;1729;EPITACIO PESSOA,URB.JOAO PESSOA, PB ;AV. EPITACIO PESSOA, 2760 ;;TAMBAUZINHO ;58040-000;JOAO PESSOA ;PB;02/12/1985;83;32441471
BANCO BRADESCO S.A. ;Banco Múltiplo;2007;GUARABIRA ;AV. DOM PEDRO II;344 E 354 ;CENTRO;58200-000;GUARABIRA ;PB;22/09/1986;0;0
BANCO BRADESCO S.A. ;Banco Múltiplo;2009;MAMANGUAPE;RUA CORONEL BATISTA CARNEIRO, ;;CENTRO;58280-000;MAMANGUAPE;PB;15/09/1986;0;0
BANCO BRADESCO S.A. ;Banco Múltiplo;2010;SANTA RITA;AV GOV FLAVIO RIBEIRO COUTINHO;;CENTRO;58300-220;SANTA RITA;PB;24/10/1986;0;0
BANCO BRADESCO S.A. ;Banco Múltiplo;2105;BAYEUX;AV. LIBERDADE ;LOJA 06 ;SESI;58306-000;BAYEUX;PB;13/04/1987;0;1340694
BANCO BRADESCO S.A. ;Banco Múltiplo;2108;CRUZ DAS ARMAS,URB.JOAO PESSOA, PB;AV. CRUZ DAS ARMAS, 828 ;;CRUZ DAS ARMAS;58085-000;JOAO PESSOA ;PB;23/02/1987;83;2425776
BANCO BRADESCO S.A. ;Banco Múltiplo;2114;PARNAMIRIM;RUA BRIGADEIRO EVERALDO BREVES, 122 E ;124;CENTRO;59160-000;PARNAMIRIM;RN;03/08/1987;0;4730382
BANCO BRADESCO S.A. ;Banco Múltiplo;2131;CURRAIS NOVOS ;RUA JOAO PESSOA, 161;;CENTRO;59380-000;CURRAIS NOVOS ;RN;13/04/1987;0;0
BANCO BRADESCO S.A. ;Banco Múltiplo;2134;PRUDENTE DE MORAIS,URB.NATAL, RN;AVENIDA PRUDENTE DE MORAES, 4048;;LAGOA NOVA;59020-400;NATAL ;RN;27/07/1987;84;32065112
BANCO BRADESCO S.A. ;Banco Múltiplo;2159;SAPE;RUA JOÃO SUASSUNA ;;CENTRO;58340-000;SAPE;PB;24/08/1987;0;0
BANCO BRADESCO S.A. ;Banco Múltiplo;2301;PRAIA DE TAMBAU,URB.JOAO PESSOA, PB ;AV.SENADOR RUY CARNEIRO, 258;SALAS 101 E 102 ;MIRAMAR ;58032-100;JOAO PESSOA ;PB;23/07/1990;83;32266822
BANCO BRADESCO S.A. ;Banco Múltiplo;3141;AV.BARAO DO TRIUNFO,URB.JOAO PESSOA, PB ;AV.BARAO DO TRIUNFO, 445;;VARADOURO ;58010-400;JOAO PESSOA ;PB;19/05/2003;83;2412474
BANCO BRADESCO S.A. ;Banco Múltiplo;1061;BAIRRO TORRE,URB.JOAO PESSOA, PB;AV.EPITACIO PESSOA, 890 ;;TORRE ;58040-000;JOAO PESSOA ;PB;22/09/2003;83;2241777
BANCO BRADESCO S.A. ;Banco Múltiplo;1102;BAIRRO CENTRO,URB.MOSSORO, RN ;AV.DIX-SEPT ROSADO, 69;;CENTRO;59600-050;MOSSORO ;RN;22/09/2003;84;3161088
BANCO BRADESCO S.A. ;Banco Múltiplo;3070;CIDADE DO SOL,URB.NATAL, RN ;AV.RIO BRANCO, 721;;CIDADE ALTA ;59025-003;NATAL ;RN;25/02/2004;84;2012180
BANCO BRADESCO S.A. ;Banco Múltiplo;0891;PRIME NATAL, CENTRO ;AVENIDA RIO BRANCO, 477 ;PRIMEIRO PAVIMENTO;CENTRO;59025-001;NATAL ;RN;17/11/2005;84;32223700
BANCO BRADESCO S.A. ;Banco Múltiplo;0639;BORBOREMA,URB.CAMPINA GRANDE, PB;RUAGILO GUEDES, 268 ;ESQ.C/RUA MARCILIO DIAS S/N.;SANTO ANTONIO ;58103-375;CAMPINA GRANDE;PB;10/04/2006;83;33223355
BANCO BRADESCO S.A. ;Banco Múltiplo;3055;AGÊNCIA CORPORATE JOÃO PESSOA, PB ;RUA DUQUE DE CAXIAS, 401;PAV.SUPERIOR;CENTRO;58010-821;JOAO PESSOA ;PB;02/02/2007;83;32224808
BANCO BRADESCO S.A. ;Banco Múltiplo;1041;PRIME JOAO PESSOA, PB ;RUA DUQUE DE CAXIAS, 401;PAV.SUPERIOR;CENTRO;58010-821;JOAO PESSOA ;PB;02/02/2007;83;32227555
BANCO BRADESCO S.A. ;Banco Múltiplo;5894;BREJO DO CRUZ, PB ;RUA VALDEVINO LOBO, 26;;CENTRO;58890-000;BREJO DO CRUZ ;PB;12/12/2011;83;34432206
BANCO BRADESCO S.A. ;Banco Múltiplo;1104;MANAIRA,URB.JOAO PESSOA, PB ;AV.GOV. FLAVIO RIBEIRO COUTINHO,321 ;;MANAIRA ;58037-000;JOAO PESSOA ;PB;29/09/2008;83;32460229
BANCO BRADESCO S.A. ;Banco Múltiplo;1912;ESPERANCA, PB ;R SOLON DE LUCENA ;;CENTRO;58135-000;ESPERANCA ;PB;22/10/2008;83;33612945
BANCO BRADESCO S.A. ;Banco Múltiplo;2173;BAIRRO CANDELARIA,URB.NATAL, RN ;AV.SENADOR SALGADO FILHO, 3006;;CANDELARIA;59066-800;NATAL ;RN;29/12/2008;84;32340690
BANCO BRADESCO S.A. ;Banco Múltiplo;2340;BAIRRO MANGABEIRA, URB. JOAO PESSOA, PB ;RUA JOSEFA TAVEIRA, 730 ;;MANGABEIRA;58055-000;JOAO PESSOA ;PB;06/07/2009;83;32388733
BANCO BRADESCO S.A. ;Banco Múltiplo;2821;PONTA NEGRA,URB.NATAL, RN ;AV.ENGENHEIRO ROBERTO FREIRE;;CAPIM MACIO ;59082-400;NATAL ;RN;03/06/1998;84;32071528
BANCO BRADESCO S.A. ;Banco Múltiplo;5785;SANTA LUZIA, PB ;RUA ABDON NOBREGA, 56 ;;CENTRO;58600-000;SANTA LUZIA ;PB;23/09/2011;83;34611270
BANCO BRADESCO S.A. ;Banco Múltiplo;3454;POMBAL - PB ;RUA TENENTE AURÉLIO CAVALCANTE;;CENTRO;58840-000;POMBAL;PB;20/11/2017;0;0
BANCO BRADESCO S.A. ;Banco Múltiplo;5776;CUITE, PB ;R PRESIDENTE EPITACIO DA SILVA PESSOA ;;CENTRO;58175-000;CUITE ;PB;12/09/2011;83;33722023
BANCO BRADESCO S.A. ;Banco Múltiplo;5777;ITABAIANA, PB ;AV JOSE SILVEIRA;;CENTRO;58360-000;ITABAIANA ;PB;12/09/2011;83;32812556
BANCO BRADESCO S.A. ;Banco Múltiplo;5787;SOLANEA, PB ;R GOV JOAO FERNANDES DE LIMA;;CENTRO;58225-000;SOLANEA ;PB;12/09/2011;83;33632905
BANCO BRADESCO S.A. ;Banco Múltiplo;5770;ALAGOA GRANDE, PB ;R DR. FRANCISCO MONTENEGRO;480 E 486 ;CENTRO;58388-000;ALAGOA GRANDE ;PB;12/09/2011;83;31355272
BANCO BRADESCO S.A. ;Banco Múltiplo;5780;MARI, PB;RUA ANTONIO DE LUNA FREIRE;;CENTRO;58345-000;MARI;PB;12/09/2011;83;32871960
BANCO BRADESCO S.A. ;Banco Múltiplo;5870;APODI, RN ;RUA NOSSA SENHORA DA CONCEICAO, 197 ;;CENTRO;59700-000;APODI ;RN;23/09/2011;84;33333725
BANCO BRADESCO S.A. ;Banco Múltiplo;5871;BARAUNARN ;RUA JERONIMO ROSADO ;;CENTRO;59695-000;BARAUNA ;RN;12/09/2011;84;33202251
BANCO BRADESCO S.A. ;Banco Múltiplo;5885;SAO PAULO DO POTENGI, RN;RUA BENTO URBANO, S/N ;;CENTRO;59460-000;SAO PAULO DO POTENGI;RN;12/09/2011;84;32512485
BANCO BRADESCO S.A. ;Banco Múltiplo;5883;SANTO ANTONIO, RN ;RUA PROFESSOR JOSE DE ANCHIETA, S/N ;;CENTRO;59255-000;SANTO ANTONIO ;RN;12/09/2011;84;32822840
BANCO BRADESCO S.A. ;Banco Múltiplo;5880;NOVA CRUZ, RN ;RUA XV DE NOVEMBRO, 135 ;;CENTRO;59215-000;NOVA CRUZ ;RN;23/09/2011;84;32812202
BANCO BRADESCO S.A. ;Banco Múltiplo;5872;CANGUARETAMA, RN;RUA JOAO TEIXEIRA DE CARVALHO, 149;;CENTRO;59190-000;CANGUARETAMA;RN;23/09/2011;84;32412240
BANCO BRADESCO S.A. ;Banco Múltiplo;5878;MACAU, RN ;RUA MARTINS FERREIRA, 87;;CENTRO;59500-000;MACAU ;RN;10/10/2011;84;35211854
BANCO BRADESCO S.A. ;Banco Múltiplo;2632;AGÊNCIA CORPORATE NATAL, RN ;AV.RIO BRANCO, 477, 2 PAV.;;CENTRO;59025-001;NATAL ;RN;28/11/2011;84;32011117
BANCO BRADESCO S.A. ;Banco Múltiplo;5773;CABEDELO, PB;RUA PASTOR JOSÉ ALVES DE OLIVEIRA,89;;CENTRO;58310-000;CABEDELO;PB;28/11/2011;83;32281398
BANCO BRADESCO S.A. ;Banco Múltiplo;5784;QUEIMADAS, PB ;RUA JOAO BARBOSA DA SILVA, 108;;CENTRO;58475-000;QUEIMADAS ;PB;25/10/2011;83;33921315
BANCO BRADESCO S.A. ;Banco Múltiplo;3457;PRINCESA ISABEL - PB;RUA JUAREZ TÁVORA ;;CENTRO;58755-000;PRINCESA ISABEL ;PB;20/11/2017;0;0
BANCO BRADESCO S.A. ;Banco Múltiplo;5778;ITAPORANGA, PB;RUA HORÁCIO GOMES ;;CENTRO;58780-000;ITAPORANGA;PB;11/11/2011;83;34512989
BANCO BRADESCO S.A. ;Banco Múltiplo;5781;MONTEIRO, PB;AVENIDA OLÍMPIO GOMES ;;CENTRO;58500-000;MONTEIRO;PB;09/11/2011;87;33512198
BANCO BRADESCO S.A. ;Banco Múltiplo;5873;CARAUBASRN;RUA RODOLFO FERNANDES ;;CENTRO;59780-000;CARAUBAS;RN;03/11/2011;84;31503341
BANCO BRADESCO S.A. ;Banco Múltiplo;5774;CATOLE DO ROCHA, PB ;PRACA GERONIMO ROSADO, S/N;;CENTRO;58884-000;CATOLE DO ROCHA ;PB;10/11/2011;83;34411089
BANCO BRADESCO S.A. ;Banco Múltiplo;5882;PAU DOS FERROS, RN;RUA QUINTINO BOCAIUVA, 52 ;;CENTRO;59900-000;PAU DOS FERROS;RN;21/11/2011;84;33513969
BANCO BRADESCO S.A. ;Banco Múltiplo;5786;SAO JOAO DO RIO DO PEIXE, PB;RUA DJALMA DUTRA, 6 ;;CENTRO;58910-000;SAO JOAO DO RIO DO PEIXE;PB;11/11/2011;83;35352445
BANCO BRADESCO S.A. ;Banco Múltiplo;5775;CONCEICAO, PB ;RUA PREFEITO JOÃO FAUSTO;;CENTRO;58970-000;CONCEICAO ;PB;10/11/2011;83;345322850
BANCO BRADESCO S.A. ;Banco Múltiplo;5884;SAO JOSE DE MIPIBU, RN;RUA CAPITAO JOAQUIM DANTAS, 1 ;;CENTRO;59162-000;SAO JOSE DE MIPIBU;RN;09/11/2011;84;32732767
BANCO BRADESCO S.A. ;Banco Múltiplo;5875;GOIANINHA, RN ;RUA DOUTOR ANTONIO DE SOUZA ;;CENTRO;59173-000;GOIANINHA ;RN;10/11/2011;84;32432555
BANCO BRADESCO S.A. ;Banco Múltiplo;5879;MONTE ALEGRE, RN;RUA JUVENAL LAMARTINE, 73 ;;CENTRO;59182-000;MONTE ALEGRE;RN;09/11/2011;84;32762044
BANCO BRADESCO S.A. ;Banco Múltiplo;5876;JOAO CAMARA, RN ;RUA ANTONIO PROENCA, 357;;CENTRO;59550-000;JOAO CAMARA ;RN;09/11/2011;84;32622879
BANCO BRADESCO S.A. ;Banco Múltiplo;5877;MACAIBA, RN ;RUA DOUTOR PEDRO MATOS, 1 ;;CENTRO;59280-000;MACAIBA ;RN;09/11/2011;84;32712601
BANCO BRADESCO S.A. ;Banco Múltiplo;5874;CEARA-MIRIM, RN ;RUA DOUTOR MANOEL VARELA;;CENTRO;59570-000;CEARA-MIRIM ;RN;08/11/2011;84;32744031
BANCO BRADESCO S.A. ;Banco Múltiplo;3449;ARARUNA - PB;RUA PRESIDENTE EPITÁCIO PESSOA;TÉRREO;CENTRO;58233-000;ARARUNA ;PB;20/11/2017;0;0
BANCO BRADESCO S.A. ;Banco Múltiplo;3446;PIANCÓ - PB ;RUA HERNANE SÁTIRO;;CENTRO;58765-000;PIANCO;PB;20/11/2017;0;0
BANCO BRADESCO S.A. ;Banco Múltiplo;2655;AVENIDA MARECHAL FLORIANO PEIXOTO - URB. CAMPINA GRANDE, PB ;AVENIDA MARECHAL FLORIANO PEIXOTO ;;CENTRO;58400-180;CAMPINA GRANDE;PB;19/11/2014;83;33227626
BANCO BRADESCO S.A. ;Banco Múltiplo;5611;BAIRRO DOS ESTADOS  URB. JOÃO PESSOA, PB ;AVENIDA PRESIDENTE EPITACIO PESSOA;;ESTADOS ;58030-002;JOAO PESSOA ;PB;10/10/2016;0;0
BANCO BRADESCO S.A. ;Banco Múltiplo;5610;RUA PRESIDENTE JOAO PESSOA URBCAMPINA GRANDEPB;RUA PRESIDENTE JOAO PESSOA;;CENTRO;58400-002;CAMPINA GRANDE;PB;10/10/2016;0;0
BANCO BRADESCO S.A. ;Banco Múltiplo;7152;BAIRRO LAGOA NOVA URBNATALRN;AVENIDA PRUDENTE DE MORAIS;;LAGOA NOVA;59054-700;NATAL ;RN;10/10/2016;0;0
BANCO BRADESCO S.A. ;Banco Múltiplo;7139;AVALBERTO MARANHAO URBMOSSORORN ;AVENIDA ALBERTO MARANHAO;;CENTRO;59600-195;MOSSORO ;RN;10/10/2016;0;0
BANCO BRADESCO S.A. ;Banco Múltiplo;7151;CIDADE JARDIM URBNATALRN;AV ENGENHEIRO ROBERTO FREIRE;SHOPPING CIDADE JARDIM LJ 22;CAPIM MACIO ;59080-900;NATAL ;RN;10/10/2016;0;0
BANCO BRADESCO S.A. ;Banco Múltiplo;7140;AVDEODORO URBNATALRN;AVENIDA DEODORO DA FONSECA;;TIROL ;59020-600;NATAL ;RN;10/10/2016;0;0
BANCO BRADESCO S.A. ;Banco Múltiplo;3413;JAGUARIBE - URB. JOÃO PESSOA - PB ;RUA PREFEITO OSVALDO PESSOA ;;JAGUARIBE ;58015-510;JOAO PESSOA ;PB;20/11/2017;0;0
BANCO BRADESCO S.A. ;Banco Múltiplo;3425;BEIRA RIO - URB. JOÃO PESSOA - PB ;AVENIDA MINISTRO JOSÉ AMÉRICO DE ALMEIDA;;TORRE ;58040-300;JOAO PESSOA ;PB;20/11/2017;0;0
BANCO BRADESCO S.A. ;Banco Múltiplo;6230;PRATA - URB. CAMPINA GRANDE - PB;RUA NILO PEÇANHA;;PRATA ;58400-515;CAMPINA GRANDE;PB;20/11/2017;0;0
BANCO BRADESCO S.A. ;Banco Múltiplo;3439;BANCÁRIOS - URB. JOÃO PESSOA - PB ;RUA WALFREDO MACEDO BRANDÃO ;LOJA 2;JARDIM CIDADE UNIVERSITÁRIA ;58052-200;JOAO PESSOA ;PB;20/11/2017;0;0
BANCO BRADESCO S.A. ;Banco Múltiplo;3461;BESSA - URB. JOÃO PESSOA - PB ;RUA FRANCISCO LEOCÁDIO RIBEIRO COUTINHO ;;AEROCLUBE ;58036-450;JOAO PESSOA ;PB;20/11/2017;0;0
BANCO BRADESCO S.A. ;Banco Múltiplo;3433;RUA JOSEFA TAVEIRA - URB. JOÃO PESSOA - PB;RUA JOSEFA TAVEIRA;;MANGABEIRA;58055-000;JOAO PESSOA ;PB;20/11/2017;0;0
BANCO BRADESCO S.A. ;Banco Múltiplo;3468;TAMBIÁ - URB. JOÃO PESSOA - PB;AVENIDA SANTOS DUMONT ;;CENTRO;58013-170;JOAO PESSOA ;PB;20/11/2017;0;0
BANCO BRADESCO S.A. ;Banco Múltiplo;3452;AREIA - PB;RUA GETÚLIO VARGAS;;CENTRO;58397-000;AREIA ;PB;20/11/2017;0;0
BANCO BRADESCO S.A. ;Banco Múltiplo;3445;AVENIDA ASSIS CHATEAUBRIAND - URB. CAMPINA GRANDE - PB;AVENIDA JORNALISTA ASSIS CHATEAUBRIAND;;LIBERDADE ;58414-060;CAMPINA GRANDE;PB;20/11/2017;0;0
BANCO BRADESCO S.A. ;Banco Múltiplo;5225;PRIME MANAÍRA - URB. JOÃO PESSOA, PB. ;AVENIDA GENERAL EDSON RAMALHO ;LOJA 1;MANAIRA ;58038-102;JOAO PESSOA ;PB;08/07/2019;83;32475445
BANCO BMG S.A.;Banco Múltiplo;0042;FILIAL NATAL RN ;RUA PRINCESA ISABEL ;;CIDADE ALTA ;59025-400;NATAL ;RN;01/06/2010;84;36063115
BANCO BMG S.A.;Banco Múltiplo;0059;AG. JOÃO PESSOA/PB;AV. PRESIDENTE EPITACIO PESSOA;;TAMBAUZINHO ;58042-006;JOAO PESSOA ;PB;27/04/2017;83;21065233
BANCO DAYCOVAL S.A. ;Banco Múltiplo;0032;NATAL ;RUA ROMUALDO GALVÃO, 1703 ;SALAS 215, 216 E 217;LAGOA NOVA;59056-100;NATAL ;RN;08/06/2010;84;32064680
BANCO DAYCOVAL S.A. ;Banco Múltiplo;0050;JOÃO PESSOA ;AV. GOVERNADOR FLAVIO RIBEIRO COUTINHO;3º ANDAR - SALA 327 - PISO MAG. SHOPPING;MANAIRA ;58037-000;JOAO PESSOA ;PB;21/08/2012;83;30215800
BANCO SANTANDER (BRASIL) S.A. ;Banco Múltiplo;0080;NATAL ;AV. RIO BRANCO, 704 ;;CENTRO;59025-002;NATAL ;RN;31/08/2006;84;2201400
BANCO SANTANDER (BRASIL) S.A. ;Banco Múltiplo;0213;JOAO PESSOA ;PRACA 1817, 81;;CENTRO;58013-010;JOAO PESSOA ;PB;31/08/2006;83;2182800
BANCO SANTANDER (BRASIL) S.A. ;Banco Múltiplo;4186;GUARABIRA-PB;RUA SABINIANO MAIA, 655 ;;BAIRRO NOVO ;58200-000;GUARABIRA ;PB;30/04/2009;0;0
BANCO SANTANDER (BRASIL) S.A. ;Banco Múltiplo;3175;J.PESSOA-CENTRO ;AV. GAL.OSORIO,415;;CENTRO;58010-780;JOAO PESSOA ;PB;30/04/2009;832;4142233
BANCO SANTANDER (BRASIL) S.A. ;Banco Múltiplo;4188;J.PESSOA-CRUZ DAS ARMAS ;AVENIDA CRUZ DAS ARMAS, 544 ;;OITIZEIRO ;58085-000;JOAO PESSOA ;PB;30/04/2009;0;0
BANCO SANTANDER (BRASIL) S.A. ;Banco Múltiplo;3857;J.PESSOA-EPITACIO PESSOA;AV PRESIDENTE EPITACIO PESSOA 1863;;DOS ESTADOS ;58030-002;JOAO PESSOA ;PB;30/04/2009;832;4423680
BANCO SANTANDER (BRASIL) S.A. ;Banco Múltiplo;4333;001 4333 J PESSOA ESPACO CULTURAL ;AV PRES EPITACIO PESSOA ;;ESTADOS ;58030-002;JOAO PESSOA ;PB;30/04/2009;83;2147076
BANCO SANTANDER (BRASIL) S.A. ;Banco Múltiplo;4370;J.PESSOA-TAMBAU ;AVENIDA SENADOR RUY CARNEIRO, 241 ;;TAMBAU;58039-180;JOAO PESSOA ;PB;30/04/2009;12;39341778
BANCO SANTANDER (BRASIL) S.A. ;Banco Múltiplo;4312;J.PESSOA-UFPB ;CAMPUS 1 - S/N;;CIDADE UNIVERSITARIA;58051-970;JOAO PESSOA ;PB;30/04/2009;83;32559400
BANCO SANTANDER (BRASIL) S.A. ;Banco Múltiplo;4181;J.PESSOA-VARADOURO;RUA MACIEL PINHEIRO, 225;;VARADOURO ;58010-130;JOAO PESSOA ;PB;30/04/2009;0;116
BANCO SANTANDER (BRASIL) S.A. ;Banco Múltiplo;4659;001 4659 URB J PESSOA TAMBAUZINHO ;AV PRES EPITACIO PESSOA ;;ESTADOS ;58030-002;JOAO PESSOA ;PB;30/04/2009;83;32099800
BANCO SANTANDER (BRASIL) S.A. ;Banco Múltiplo;4532;AG. URB-JOAO PESSOA-DQ.CAXIAS ;PCA 1817;;CENTRO;58013-010;JOAO PESSOA ;PB;30/04/2009;83;32411260
BANCO SANTANDER (BRASIL) S.A. ;Banco Múltiplo;4183;J.PESSOA-B. DOS ESTADOS ;AV PRES EPITACIO PESSOA , 1863;;ESTADOS ;58030-002;JOAO PESSOA ;PB;30/04/2009;0;0
BANCO SANTANDER (BRASIL) S.A. ;Banco Múltiplo;4543;AG. URB-NATAL-LAGOA SECA;AVENIDA PRUDENTE DE MORAIS, 3020;;LAGOA SECA;59022-305;NATAL ;RN;30/04/2009;84;32773300
BANCO SANTANDER (BRASIL) S.A. ;Banco Múltiplo;4184;PATOS-PB;RUA SOLON DE LUCENA, S/N;;CENTRO;58700-000;PATOS ;PB;30/04/2009;0;0
BANCO SANTANDER (BRASIL) S.A. ;Banco Múltiplo;4456;AG. 4456 - MOSSORO;RUA CEL. VICENTE SABOIA, 17 ;;CENTRO;59600-120;MOSSORO ;RN;30/04/2009;11;33189600
BANCO SANTANDER (BRASIL) S.A. ;Banco Múltiplo;4187;SOUSA-PB;RUA CORONEL JOSE VICENTE, 02;;CENTRO;58800-005;SOUSA ;PB;30/04/2009;0;0
BANCO SANTANDER (BRASIL) S.A. ;Banco Múltiplo;4667;AG. URB-NATAL-TIROL ;AVENIDA CAMPOS SALES, 620 ;;TIROL ;59020-300;NATAL ;RN;30/04/2009;84;32113846
BANCO SANTANDER (BRASIL) S.A. ;Banco Múltiplo;4650;AG. URB-NATAL-RIO BRANCO;AVENIDA RIO BRANCO, ;;CIDADE ALTA ;59025-002;NATAL ;RN;30/04/2009;84;32201400
BANCO SANTANDER (BRASIL) S.A. ;Banco Múltiplo;4322;NATAL CENTRO COML.;RUA GAL. OSORIO, 262;;CIDADE ALTA ;59025-150;NATAL ;RN;30/04/2009;84;2211637
BANCO SANTANDER (BRASIL) S.A. ;Banco Múltiplo;3211;001-3211 NATAL-AV. PRUDENTE DE MORAIS ;AV. PRUDENTE DE MORAIS;;LAGOA SECA;59022-305;NATAL ;RN;30/04/2009;84;32039400
BANCO SANTANDER (BRASIL) S.A. ;Banco Múltiplo;3082;001-3082 CAMPINA GRANDE ;PRACA TEN.ALFREDO DANTAS, 32;;CENTRO;58400-107;CAMPINA GRANDE;PB;30/04/2009;83;3413602
BANCO SANTANDER (BRASIL) S.A. ;Banco Múltiplo;4586;AG. URB-CAMPINA GDE-CENTRO;R MARQ DO HERVAL;;CENTRO;58400-087;CAMPINA GRANDE;PB;30/04/2009;83;33159800
BANCO SANTANDER (BRASIL) S.A. ;Banco Múltiplo;4182;CAMPINA GDE.R.MARQUES HER ;RUA MARQUES DO HERVAL, 107;;CENTRO;58400-087;CAMPINA GRANDE;PB;30/04/2009;83;33159800
BANCO SANTANDER (BRASIL) S.A. ;Banco Múltiplo;4185;CAJAZEIRAS-PB ;AVENIDA COM. VITALROLIM,, 724 ;;CENTRO;58900-000;CAJAZEIRAS;PB;30/04/2009;83;35324600
BANCO SANTANDER (BRASIL) S.A. ;Banco Múltiplo;0974;001-0974 AV CANAL-INT-PB;RUA GILO GUEDES, 278;TÉRREO, LOJA 2;CENTRO;58400-195;CAMPINA GRANDE;PB;15/12/2010;83;33159700
BANCO SANTANDER (BRASIL) S.A. ;Banco Múltiplo;1575;001 1575-PONTA NEGRA-NATAL-RN ;AV ENG ROBERTO FREIRE, 1436 ;;CAPIM MACIO ;59082-400;NATAL ;RN;29/07/2011;84;32351150
BANCO SANTANDER (BRASIL) S.A. ;Banco Múltiplo;1592;001-1592 MANAIRA-J.PESSOA-PB;AV GOV FLAVIO RIBEIRO COUTINHO ,287 ;;MANAIRA ;58037-000;JOAO PESSOA ;PB;28/12/2011;83;32361400
BANCO SANTANDER (BRASIL) S.A. ;Banco Múltiplo;1799;001-1799 SELECT JOAO PESSOA ;AV PRES EPITACIO PESSOA ;;TAMBAUZINHO ;58042-006;JOAO PESSOA ;PB;01/09/2014;83;21083400
BANCO SANTANDER (BRASIL) S.A. ;Banco Múltiplo;1828;001-1828 SELECT NATAL ;AV PRUDENTE DE MORAIS ;;LAGOA SECA;59022-310;NATAL ;RN;27/10/2015;84;33423900
BANCO SANTANDER (BRASIL) S.A. ;Banco Múltiplo;2120;001 2120 CAICO-RN ;AV CORONEL MARTINIANO ;;CENTRO;59300-000;CAICO ;RN;10/06/2019;84;34214305
BANCO SANTANDER (BRASIL) S.A. ;Banco Múltiplo;2292;001 2292 SAO GONCALO AMARANTE-RN;AV BACHAREL TOMAZ LANDIM;LJ 2B ;JARDIM LOLA ;59296-802;SAO GONCALO DO AMARANTE ;RN;02/08/2019;11;35530372
BANCO SANTANDER (BRASIL) S.A. ;Banco Múltiplo;2301;001 2301 MANGABEIRA-J.PESSOA-PB ;R JOSEFA TAVEIRA;;MANGABEIRA;58055-000;JOAO PESSOA ;PB;02/08/2019;11;35530372
BANCO SANTANDER (BRASIL) S.A. ;Banco Múltiplo;2334;001 2334 PARNAMIRIN-RN;AV BRIGADEIRO EVERALDO BREVES ;;CENTRO;59140-200;PARNAMIRIM;RN;19/12/2019;11;35530372
BANCO SANTANDER (BRASIL) S.A. ;Banco Múltiplo;2364;001 2364 MAMANGUAPE-PB;R MARCOS BARBOSA;;CENTRO;58280-000;MAMANGUAPE;PB;19/12/2019;11;35530372
